archive_entry_count,archive_file_count,archive_uncompressed_file_bytes,artifact_type,build_admission_disposition,build_receipt,bytes,commit,extracted_closure_sha256,extracted_file_bytes,extracted_file_count,extracted_path,id,local_verification,path,recorded_at,repository,responsible_workflow,rights_component_id,rights_component_ids,schema_name,schema_version,sha256,source_url,status,supersedes_id,toolchain
18,12,425102,frozen_gitlink_source_archive,frozen_local_gitlink_authority_only; contents remain excluded from the admitted Book 1 build unless a bounded dependency trace proves use,00_control/MACHINE_BACKEND_EVIDENCE.json,110834,f8516c2c252fda30a8d3239da05cd07c55d2631b,da685ddfbc05072d88d16a72a90897f0ef601084d1a1eff340431a5b2fb9955e,425102,12,authority/submodules/open-optimization-bibliography-f8516c2c252fda30a8d3239da05cd07c55d2631b,artifact.authority.submodule-archive.open-optimization-bibliography,pass,authority/archives/open-optimization-bibliography-f8516c2c252fda30a8d3239da05cd07c55d2631b.zip,2026-08-23T00:00:00+02:00,open-optimization-bibliography,codex-r017-o018-id-production,,,interlanguage.artifact,0.1.0,ad4943584bdbd761a9b8ee6b6dda7db1e5e549c31b0f7b1e4f17a0e442879cf5,,frozen_authority_only,,ZIP archive; independently extracted local authority closure
25,22,429557,frozen_gitlink_source_archive,frozen_local_gitlink_authority_only; contents remain excluded from the admitted Book 1 build unless a bounded dependency trace proves use,00_control/MACHINE_BACKEND_EVIDENCE.json,363369,dee882b717018318689f4b373ea1bfc82ddaed6c,ffb61b3d33e4c1541fc4b635b3e047197ad41026bf12910a2aab15f8cf4f811f,429557,22,authority/submodules/open-optimization-common-dee882b717018318689f4b373ea1bfc82ddaed6c,artifact.authority.submodule-archive.open-optimization-common,pass,authority/archives/open-optimization-common-dee882b717018318689f4b373ea1bfc82ddaed6c.zip,2026-08-23T00:00:00+02:00,open-optimization-common,codex-r017-o018-id-production,,,interlanguage.artifact,0.1.0,d52fbb0f9ad7a83f01766b4b635e3686c123b0d9ea2c421d8a8ba7bf3bc33d84,,frozen_authority_only,,ZIP archive; independently extracted local authority closure
37,33,449165,frozen_gitlink_source_archive,frozen_local_gitlink_authority_only; contents remain excluded from the admitted Book 1 build unless a bounded dependency trace proves use,00_control/MACHINE_BACKEND_EVIDENCE.json,181859,dc866da8b04bc89289c87afbea649da2044c7799,a74ecffed0d96f511af80ad5e82651f7861956c56e26544cad96bcea3b7c80df,449165,33,authority/submodules/open-optimization-or-examples-dc866da8b04bc89289c87afbea649da2044c7799,artifact.authority.submodule-archive.open-optimization-or-examples,pass,authority/archives/open-optimization-or-examples-dc866da8b04bc89289c87afbea649da2044c7799.zip,2026-08-23T00:00:00+02:00,open-optimization-or-examples,codex-r017-o018-id-production,,,interlanguage.artifact,0.1.0,cc8f5471b5be3b0af417eaff1cb11ff9a8add7fcb4e7bdc02234164452c43f1f,,frozen_authority_only,,ZIP archive; independently extracted local authority closure
,,,modular_backend_export,,Hash is carried by backend/dist/manifest.json to avoid a self-referential digest.,,,,,,,artifact.backend.canonical-json,,backend/dist/backend-v0.json,2026-08-23T00:00:00+02:00,,codex-r017-o018-id-production,,,interlanguage.artifact,0.1.0,,,generated,,scripts/export_backend.py; Python standard library
,,,machine_backend_evidence_receipt,,"Schema-validated authority, platform, target/public distribution, and O018 mapping evidence.",163890,,,,,,artifact.backend.machine-backend-evidence,pass,00_control/MACHINE_BACKEND_EVIDENCE.json,2026-08-23T00:00:00+02:00,,codex-r017-o018-id-production,,,interlanguage.artifact,0.1.0,60d81807fd9874b227ec5e0f343d2d30d50b1c6e22b0dc9f66b5e97212bd8691,,verified,,scripts/build_machine_backend_evidence.py; Python standard library
,,,external_authority_manifest,,Pinned commit/tree; 11 linked files frozen; three genuine 404 targets recorded; project-policy rights caveat preserved.,13762,,,,,,artifact.external.ooor-examples-authority-manifest,pass,authority/external/open-optimization-or-examples-b924d2fe61ee0ba925903aba615db4f46e65b4be/authority-manifest.json,2026-08-23T00:00:00+02:00,,codex-r017-o018-id-production,rights.external.ooor-examples-policy,,interlanguage.artifact,0.1.0,0ff8ed376a662ee684c6b6d01d0592c0829b302451fb891a7483acb16a475a7a,,verified,,official raw/API authority freeze
,,,external_authority_manifest,,Pinned commit/tree; five-file transport closure; BSD-3-Clause license evidence bound.,4085,,,,,,artifact.external.pyomo-gallery-authority-manifest,pass,authority/external/pyomo-gallery-0c00b58439b6465cb30b9bf806519b1ade228ecc/authority-manifest.json,2026-08-23T00:00:00+02:00,,codex-r017-o018-id-production,rights.external.pyomo-gallery,,interlanguage.artifact,0.1.0,eea454e4d4ba6d9b38f751dd0f22b2170e1ec5aa27a6126489f2601e55901a1b,,verified,,official raw/API authority freeze
,,,deterministic_computation_result,,13 numerical executions optimal; maximum violation 0.0; second run byte-identical; Exercise 3.8 represented conceptually.,7239,,,,,,artifact.o018.ch03-results,pass,source/o018-open-solver-lab/ch03-spreadsheet-replacements/results.json,2026-08-23T00:00:00+02:00,,codex-r017-o018-id-production,rights.o018.prose-data,,interlanguage.artifact,0.1.0,54a1cd703958ec880e653354b67b3bb0629014343159884c5a05d63725170ede,,verified,,Pyomo 6.10.1 + highspy/HiGHS 1.15.1
,,,verification_log,,CHECK_OK and 16 passing tests recorded.,1148,,,,,,artifact.o018.ch03-verification-log,pass,source/o018-open-solver-lab/ch03-spreadsheet-replacements/verification.log,2026-08-23T00:00:00+02:00,,codex-r017-o018-id-production,,,interlanguage.artifact,0.1.0,f5c80b6861957d8d507089e498dccc05a9c455bcaa38e3f2a7caec98cc42fc48,,verified,,O018 Chapter 3 test and deterministic check log
,,,verification_receipt,,"16/16 tests; 13/13 solves optimal; provenance, rights, imports, deterministic replay, and receipt inventory self-check pass.",3678,,,,,,artifact.o018.ch03-verification-receipt,pass,source/o018-open-solver-lab/ch03-spreadsheet-replacements/verification-receipt.json,2026-08-23T00:00:00+02:00,,codex-r017-o018-id-production,rights.o018.prose-data,,interlanguage.artifact,0.1.0,7eb2117ea0493c82f2570fc9ff782ebd04fad2dbfeac5a9e41d6519feaad127b,,verified,,offline hash-locked O018 Chapter 3 verification
,,,deterministic_computation_result,,Ten numerical cases solved with maximum violation 0.0; overtime remains parameter_required and investment remains design_unresolved; second replay byte-identical.,5492,,,,,,artifact.o018.ch04-results,pass,source/o018-open-solver-lab/ch04-compact-modeling-replacements/results.json,2026-08-23T00:00:00+02:00,,codex-r017-o018-id-production,rights.o018.prose-data,,interlanguage.artifact,0.1.0,6e7eb96529ba2d7a3f66f89cda8ca34305b52c542cd5e2c0f0cc3564cf817954,,verified,,Pyomo 6.10.1 + highspy/HiGHS 1.15.1 + NumPy 2.5.2
,,,verification_log,,"CHECK_OK, 19 passing tests, and deterministic second replay recorded.",1537,,,,,,artifact.o018.ch04-verification-log,pass,source/o018-open-solver-lab/ch04-compact-modeling-replacements/verification.log,2026-08-23T00:00:00+02:00,,codex-r017-o018-id-production,,,interlanguage.artifact,0.1.0,a958ae6bc854fe0976854b1593e10d655966c9d02c23da5fcbfa8e765b39e708,,verified,,O018 Chapter 4 test and deterministic check log
,,,verification_receipt,,"19/19 tests; ten solves; 12 total case records; 36-file source closure; six deduplicated divergences; rights, imports, deterministic replay, and receipt inventory pass.",4315,,,,,,artifact.o018.ch04-verification-receipt,pass,source/o018-open-solver-lab/ch04-compact-modeling-replacements/verification-receipt.json,2026-08-23T00:00:00+02:00,,codex-r017-o018-id-production,rights.o018.prose-data,,interlanguage.artifact,0.1.0,e740ef581d6201d415ede348b0188c6f357eb28b45236d6031045896af520f02,,verified,,offline hash-locked O018 Chapter 4 verification
,,,deterministic_computation_result,,"Nineteen scenarios across 17 exercises; 16 executable exercises, one parameter-required proof exercise, maximum violation 0.0; deterministic result replay.",30221,,,,,,artifact.o018.ch05-results,pass,source/o018-open-solver-lab/ch05-graphical-lp/results.json,2026-08-23T00:00:00+02:00,,codex-r017-o018-id-production,rights.o018.prose-data,,interlanguage.artifact,0.1.0,6d019b95409f1c1d78200a49ee9cf42754e5e698ad15d1eddac699ec23806e40,,verified,,Pyomo 6.10.1 + highspy/HiGHS 1.15.1 + NumPy 2.5.2
,,,verification_log,,"Two CHECK_OK runs, two 18-test passing runs, two receipt checks, deterministic results/plot closure, and fail-closed visible provenance drift coverage recorded.",1338,,,,,,artifact.o018.ch05-verification-log,pass,source/o018-open-solver-lab/ch05-graphical-lp/verification.log,2026-08-23T00:00:00+02:00,,codex-r017-o018-id-production,,,interlanguage.artifact,0.1.0,008ebeb116a7478a4db91ddd9a4cbfe5b4ab6ccff7b11f95705bc4dc3011a8b7,,verified,,O018 Chapter 5 test and deterministic check log
,,,verification_receipt,,"18/18 tests on each of two runs; 19/19 solves classified; source and localized hashes, visible attribution claims, provenance, rights, deterministic replay, and 18 accessible SVG inventories pass fail-closed drift checks.",10641,,,,,,artifact.o018.ch05-verification-receipt,pass,source/o018-open-solver-lab/ch05-graphical-lp/verification-receipt.json,2026-08-23T00:00:00+02:00,,codex-r017-o018-id-production,rights.o018.prose-data,,interlanguage.artifact,0.1.0,04c1d8f9a45eff1c9f046a3cc2ae044964a3beae4f82df49766b5cb86d4d9410,,verified,,offline hash-locked O018 Chapter 5 verification
,,,deterministic_computation_result,,"Twelve exercises verified; five solver calls, four optimal and one infeasible; maximum violation 0.0; deterministic result replay.",15146,,,,,,artifact.o018.ch06-results,pass,source/o018-open-solver-lab/ch06-formal-mathematics/results.json,2026-08-23T00:00:00+02:00,,codex-r017-o018-id-production,rights.o018.prose-data,,interlanguage.artifact,0.1.0,c2559401de6e5206c7590b02abfc433d80391103c1cadf36dfbd9b345f121f71,,verified,,exact rational checks + NumPy 2.5.2 + Pyomo 6.10.1 + highspy/HiGHS 1.15.1
,,,verification_log,,"Two complete successful replays with 21 tests, receipt verification, zero violations, and deterministic results/plot closure recorded.",1905,,,,,,artifact.o018.ch06-verification-log,pass,source/o018-open-solver-lab/ch06-formal-mathematics/verification.log,2026-08-23T00:00:00+02:00,,codex-r017-o018-id-production,,,interlanguage.artifact,0.1.0,b9ec9c8cde93bcbacb9bbe94865bb58dce92ff08cb0468113184a551dea1ed0d,,verified,,O018 Chapter 6 test and deterministic check log
,,,verification_receipt,,"Two deterministic result replays, two 21-test runs, two receipt checks, four frozen source witnesses, five accessible SVGs, provenance, and rights pass.",6581,,,,,,artifact.o018.ch06-verification-receipt,pass,source/o018-open-solver-lab/ch06-formal-mathematics/verification-receipt.json,2026-08-23T00:00:00+02:00,,codex-r017-o018-id-production,rights.o018.prose-data,,interlanguage.artifact,0.1.0,e2415cf161c62d2dffe3c74e2c82738f8a01aa2a465a3617d96e55de8ccaccc0,,verified,,offline hash-locked O018 Chapter 6 verification
,,,deterministic_computation_result,,source/o018-open-solver-lab/ch10-sensitivity-analysis/verification-receipt.json,26015,,,,,,artifact.o018.ch10.results,pass,source/o018-open-solver-lab/ch10-sensitivity-analysis/results.json,2026-08-23T00:00:00+02:00,,codex-r017-o018-id-production,,"[""rights.o018.prose-data"",""rights.o018.code""]",interlanguage.artifact,0.1.0,e80afc3bd38f6373be73a1a5a1da1bc386af99eace13248bec26d6e8bb857db4,,verified,,Python standard library; Pyomo; HiGHS where applicable
,,,verification_receipt,,source/o018-open-solver-lab/ch10-sensitivity-analysis/verification-receipt.json,6394,,,,,,artifact.o018.ch10.verification-receipt,pass,source/o018-open-solver-lab/ch10-sensitivity-analysis/verification-receipt.json,2026-08-23T00:00:00+02:00,,codex-r017-o018-id-production,,"[""rights.o018.prose-data"",""rights.o018.code""]",interlanguage.artifact,0.1.0,23301c3130087f90ad2bee96c150cf83f4381ef6b9bc66f6046569e369c799bd,,verified,,Python standard library; Pyomo; HiGHS where applicable
,,,deterministic_computation_result,,source/o018-open-solver-lab/ch11-duality/verification-receipt.json,38721,,,,,,artifact.o018.ch11.results,pass,source/o018-open-solver-lab/ch11-duality/results.json,2026-08-23T00:00:00+02:00,,codex-r017-o018-id-production,,"[""rights.o018.prose-data"",""rights.o018.code""]",interlanguage.artifact,0.1.0,fac7a8b626acc4c108dcb04ecd3971f7d14a47a23f0c52254519e1ebb87654a4,,verified,,Python standard library; Pyomo; HiGHS where applicable
,,,verification_receipt,,source/o018-open-solver-lab/ch11-duality/verification-receipt.json,7398,,,,,,artifact.o018.ch11.verification-receipt,pass,source/o018-open-solver-lab/ch11-duality/verification-receipt.json,2026-08-23T00:00:00+02:00,,codex-r017-o018-id-production,,"[""rights.o018.prose-data"",""rights.o018.code""]",interlanguage.artifact,0.1.0,1b6a1b14c0a557fa211342c3663a8dbe46cb186e0599da4ebc4dec668a358967,,verified,,Python standard library; Pyomo; HiGHS where applicable
,,,deterministic_computation_result,,source/o018-open-solver-lab/ch12-python-workflow/verification-receipt.json,23487,,,,,,artifact.o018.ch12.results,pass,source/o018-open-solver-lab/ch12-python-workflow/results.json,2026-08-23T00:00:00+02:00,,codex-r017-o018-id-production,,"[""rights.o018.prose-data"",""rights.o018.code""]",interlanguage.artifact,0.1.0,697c7bcf5b134a9067e7d25180c9b38e14a4461285cd65ce03fc05cdf216937d,,verified,,Python standard library; Pyomo; HiGHS where applicable
,,,verification_receipt,,source/o018-open-solver-lab/ch12-python-workflow/verification-receipt.json,5086,,,,,,artifact.o018.ch12.verification-receipt,pass,source/o018-open-solver-lab/ch12-python-workflow/verification-receipt.json,2026-08-23T00:00:00+02:00,,codex-r017-o018-id-production,,"[""rights.o018.prose-data"",""rights.o018.code""]",interlanguage.artifact,0.1.0,366302449758c0acbaefeda0d638c4fe011f2b2e08f6a34b141343b57d0e4cdf,,verified,,Python standard library; Pyomo; HiGHS where applicable
,,,deterministic_computation_result,,source/o018-open-solver-lab/ch13-multiobjective/verification-receipt.json,35837,,,,,,artifact.o018.ch13.results,pass,source/o018-open-solver-lab/ch13-multiobjective/results.json,2026-08-23T00:00:00+02:00,,codex-r017-o018-id-production,,"[""rights.o018.prose-data"",""rights.o018.code""]",interlanguage.artifact,0.1.0,e38b0ec15b4f9825101dc0bfc12ea0d6f0fc962de2ab130191f2e6c1ab6535d8,,verified,,Python standard library; Pyomo; HiGHS where applicable
,,,verification_receipt,,source/o018-open-solver-lab/ch13-multiobjective/verification-receipt.json,6896,,,,,,artifact.o018.ch13.verification-receipt,pass,source/o018-open-solver-lab/ch13-multiobjective/verification-receipt.json,2026-08-23T00:00:00+02:00,,codex-r017-o018-id-production,,"[""rights.o018.prose-data"",""rights.o018.code""]",interlanguage.artifact,0.1.0,a84952a0f0a706f115135c06f5da25d1494d8015190555b3631027907b1b37b2,,verified,,Python standard library; Pyomo; HiGHS where applicable
,,,deterministic_computation_result,,source/o018-open-solver-lab/ch14-graph-algorithms/verification-receipt.json,24177,,,,,,artifact.o018.ch14.results,pass,source/o018-open-solver-lab/ch14-graph-algorithms/results.json,2026-08-23T00:00:00+02:00,,codex-r017-o018-id-production,,"[""rights.o018.prose-data"",""rights.o018.code""]",interlanguage.artifact,0.1.0,6e9fa65517c722c749aa2805ab852bf8aaf5c77eaf46c5d6500b63bdc7e0af2c,,verified,,Python standard library; Pyomo; HiGHS where applicable
,,,verification_receipt,,source/o018-open-solver-lab/ch14-graph-algorithms/verification-receipt.json,5805,,,,,,artifact.o018.ch14.verification-receipt,pass,source/o018-open-solver-lab/ch14-graph-algorithms/verification-receipt.json,2026-08-23T00:00:00+02:00,,codex-r017-o018-id-production,,"[""rights.o018.prose-data"",""rights.o018.code""]",interlanguage.artifact,0.1.0,12adf711935c6009170043a6570aae16550def4731fc85d788fa187b34db4e11,,verified,,Python standard library; Pyomo; HiGHS where applicable
,,,deterministic_computation_result,,source/o018-open-solver-lab/ch15-integer-programming/verification-receipt.json,23043,,,,,,artifact.o018.ch15.results,pass,source/o018-open-solver-lab/ch15-integer-programming/results.json,2026-08-23T00:00:00+02:00,,codex-r017-o018-id-production,,"[""rights.o018.prose-data"",""rights.o018.code""]",interlanguage.artifact,0.1.0,00617ba0cc79ea0f78c7dd1ac8efff8513660b0fa2764966a0b7882a45cbfeb3,,verified,,Python standard library; Pyomo; HiGHS where applicable
,,,verification_receipt,,source/o018-open-solver-lab/ch15-integer-programming/verification-receipt.json,6869,,,,,,artifact.o018.ch15.verification-receipt,pass,source/o018-open-solver-lab/ch15-integer-programming/verification-receipt.json,2026-08-23T00:00:00+02:00,,codex-r017-o018-id-production,,"[""rights.o018.prose-data"",""rights.o018.code""]",interlanguage.artifact,0.1.0,0ff668ab2a325f63ef0d1881e74ea29f4dc31ee31fb7437d42ce709dcfa07742,,verified,,Python standard library; Pyomo; HiGHS where applicable
,,,dependency_install_log,,Offline hash-locked wheel installation succeeded.,1238,,,,,,artifact.o018.offline-install-log,pass,qa/o018-lock-install-replay.log,2026-08-23T00:00:00+02:00,,codex-r017-o018-id-production,,,interlanguage.artifact,0.1.0,7f66ad8e55f1757e601ea029906fc385156fe970ab567689b36cc6ac8f91189e,,verified,,pip --no-index --find-links --require-hashes
,,,test_log,,Three tests passed; zero failed.,401,,,,,,artifact.o018.offline-test-log,pass,qa/o018-lock-test-replay.log,2026-08-23T00:00:00+02:00,,codex-r017-o018-id-production,,,interlanguage.artifact,0.1.0,2974ad7cc8d001736e36d16d0c8e1662d32a73de4630a30063b38185593530fd,,verified,,Python unittest after offline install
,,,deterministic_computation_result,,LP and integer objective 188; second run byte-identical.,775,,,,,,artifact.o018.results,pass,source/o018-open-solver-lab/ch01-shirt-ordering/results.json,2026-08-23T00:00:00+02:00,,codex-r017-o018-id-production,rights.o018.prose-data,,interlanguage.artifact,0.1.0,072e0e4fea8dd76a931dae1d2190605be6b015db7d19765a84d775d77fc82dbf,,verified,,Pyomo 6.10.1 + highspy/HiGHS 1.15.1
,,,computation_log,,Successful LP and integer run evidence.,813,,,,,,artifact.o018.run-replay-log,pass,qa/o018-ch01-run-replay.log,2026-08-23T00:00:00+02:00,,codex-r017-o018-id-production,,,interlanguage.artifact,0.1.0,a453a43fdde91b59e82d2bca314056fbf447084080c4afbcee3c0442c5bda058,,verified,,O018 final replay
,,,runtime_receipt,,"Binds platform, package wheels, test counts, deterministic result hash, and offline replay.",1952,,,,,,artifact.o018.runtime-receipt,pass,source/o018-open-solver-lab/runtime-receipt.json,2026-08-23T00:00:00+02:00,,codex-r017-o018-id-production,rights.o018.prose-data,,interlanguage.artifact,0.1.0,627cc1a3cbeec61635f61adff047478616e8d1de59161d632acf15372467fe7d,,verified,,CPython runtime inventory and verification receipt
,,,deterministic_computation_result,,All 38 exercises verified; 16 solver calls comprise 15 optimal and one unbounded classification; maximum violation 0; deterministic replay.,110132,,,,,,artifact.o018.simplex-results,pass,source/o018-open-solver-lab/ch07-ch09-simplex/results.json,2026-08-23T00:00:00+02:00,,codex-r017-o018-id-production,rights.o018.prose-data,,interlanguage.artifact,0.1.0,0d33eda2ba7d99fde16519aed4920d7c6d478a2f2cb7d376a5e77f82968151e6,,verified,,exact rational checks + Pyomo 6.10.1 + highspy/HiGHS 1.15.1
,,,verification_log,,"Two complete successful replays with 28 tests each, receipt verification, zero violations, and deterministic results/plot closure recorded.",1370,,,,,,artifact.o018.simplex-verification-log,pass,source/o018-open-solver-lab/ch07-ch09-simplex/verification.log,2026-08-23T00:00:00+02:00,,codex-r017-o018-id-production,,,interlanguage.artifact,0.1.0,a9183efac44f864bf5b590c97b60be8b0cc19113c4dc40eadaeafdffe4cf1a41,,verified,,O018 simplex test and deterministic replay log
,,,verification_receipt,,"Twelve live R017 source witnesses, 38 exercises, two 28-test runs, 16 solver calls, three accessible SVGs, provenance, rights, and receipt inventory pass.",9578,,,,,,artifact.o018.simplex-verification-receipt,pass,source/o018-open-solver-lab/ch07-ch09-simplex/verification-receipt.json,2026-08-23T00:00:00+02:00,,codex-r017-o018-id-production,rights.o018.prose-data,,interlanguage.artifact,0.1.0,53abc5c654191ad1b861bc58a7cf12c52bf9a65ac61724bb19d4485922f9972b,,verified,,offline hash-locked O018 simplex verification
,,,source_archive,,3073 regular files; 321674926 uncompressed bytes; no duplicate or unsafe paths,256622275,,,,,,artifact.r017.authority-archive,,authority/archives/open-optimization-or-book-1745df89b608899f66983834fa4ec8c8910d18ff.zip,2026-08-23T00:00:00+02:00,,codex-r017-o018-id-production,,,interlanguage.artifact,0.1.0,4bee88ed3af700b16d5643a3c18b9846244d3467eec7f4fb1f009a782b9143fc,,verified,,official GitHub commit archive; verified ZIP inventory
,,,deterministic_build_script,,qa/book1-final-qa-report.json,3017,,,,,,artifact.r017.book1.id-id.build-entrypoint,pass,source/Intro-Math-Programming/baseText/book/build-book1-id.ps1,2026-08-23T00:00:00+02:00,,codex-r017-o018-id-production,,"[""rights.r017.code""]",interlanguage.artifact,0.1.0,9d23602d2b1771bd56c72688459ea2b727f8b65288d6bca7fd9477df854c4ec3,,verified,,PowerShell
,,,clean_replay_reader_pdf,,qa/book1-final-qa-report.json,26425739,,,,,,artifact.r017.book1.id-id.clean-replay-pdf,pass,qa/book1-final-replay-id4/book1-id.pdf,2026-08-23T00:00:00+02:00,,codex-r017-o018-id-production,,"[""rights.r017.content""]",interlanguage.artifact,0.1.0,daa9b79df3684729cc204b563669f400866d8fbd12c0977d32ff9897276a7a49,,byte_identical_replay,,MiKTeX-pdfTeX 4.27.0 (1.40.29); Biber; MakeIndex; PowerShell deterministic build entrypoint
,,,latex_controller,,qa/book1-final-qa-report.json,31847,,,,,,artifact.r017.book1.id-id.controller,pass,source/Intro-Math-Programming/baseText/book/book1-main.tex,2026-08-23T00:00:00+02:00,,codex-r017-o018-id-production,,"[""rights.r017.code""]",interlanguage.artifact,0.1.0,552e0b020893167c51baffce453dd574404c97c59da1631e43e055b95316a556,,verified,,LaTeX
,,,reader_pdf,,qa/book1-final-qa-report.json,26425739,,,,,,artifact.r017.book1.id-id.final-pdf,pass,output/book1-pdf/book1-id.pdf,2026-08-23T00:00:00+02:00,,codex-r017-o018-id-production,,"[""rights.r017.content"",""rights.thirdparty.lyryx-kuttler"",""rights.thirdparty.lippman"",""rights.thirdparty.lippman-sam-beebe"",""rights.thirdparty.knapsack-wikimedia"",""rights.thirdparty.konigsberg-wikimedia"",""rights.thirdparty.petersen-public-domain""]",interlanguage.artifact,0.1.0,daa9b79df3684729cc204b563669f400866d8fbd12c0977d32ff9897276a7a49,,visually_checked,,MiKTeX-pdfTeX 4.27.0 (1.40.29); Biber; MakeIndex; PowerShell deterministic build entrypoint
,,,pdf_qa_report,,qa/book1-final-qa-report.json,30770,,,,,,artifact.r017.book1.id-id.final-pdf-qa,pass,qa/book1-final-qa-report.json,2026-08-23T00:00:00+02:00,,codex-r017-o018-id-production,,"[""rights.r017.code""]",interlanguage.artifact,0.1.0,d914ab157350571779a9e4bca62a1b02031560ccda19f00b08c4d61fda5b15b0,,verified,,qa/book1-final-verify.py; pypdf; Poppler
,,,pdf_verifier,,qa/book1-final-qa-report.json,12099,,,,,,artifact.r017.book1.id-id.final-verifier,pass,qa/book1-final-verify.py,2026-08-23T00:00:00+02:00,,codex-r017-o018-id-production,,"[""rights.r017.code""]",interlanguage.artifact,0.1.0,78449d8a73fc46715bd9bcb5a4f58c6a890fee3f60a5864c051139e054c4dc31,,verified,,Python; pypdf; Poppler
,,,build_log,,"Zero unresolved-reference, unresolved-citation, duplicate-destination, overfull-box, fatal-error, emergency-stop, or missing-glyph hits.",365124,,,,,,artifact.r017.ch02-build-log,pass,qa/ch02-build-replay.log,2026-08-23T00:00:00+02:00,,codex-r017-o018-id-production,,,interlanguage.artifact,0.1.0,d91c2c6142aa9d30e76fd5674449e51be99d129c30c354f20f9e26a1b46db5e4,,verified,,second forced cumulative replay
,,,localized_cumulative_pdf,,87 pages; deterministic fixed trailer ID; /Lang id-ID; localized title/subject/author/keywords; clean delimiter extraction; all fonts embedded with Unicode mapping; Tagged=no; no PDF/UA claim.,738223,,,,,,artifact.r017.ch02-cumulative-pdf,pass,output/through-ch02-pdf/book1-through-ch02-id.pdf,2026-08-23T00:00:00+02:00,,codex-r017-o018-id-production,rights.r017.content,,interlanguage.artifact,0.1.0,7c7b32bcc69a0d43fe25bde5bd3a7aa83ba1462d75178599ea1f5017af2e3b3b,,verified,,pdfLaTeX/Biber localized cumulative Chapter 2 controller
,,,build_log,,"Zero unresolved-reference, unresolved-citation, duplicate-destination, overfull-box, fatal-error, emergency-stop, or missing-glyph hits.",428089,,,,,,artifact.r017.ch03-build-log,pass,qa/ch03-build-replay.log,2026-08-23T00:00:00+02:00,,codex-r017-o018-id-production,,,interlanguage.artifact,0.1.0,572170c03357c99766d4a57039633fc891017d278f890c02abd074285af99add,,verified,,canonical fixed-trailer replay
,,,localized_cumulative_pdf,,"105 pages; two isolated clean builds and the canonical build byte-identical; /Lang id-ID; localized title, subject, author, keywords, bibliography strings, and day/month/year access dates; eight Chapter 3 image descriptions exposed as ActualText; Tagged=no; final visual/navigation verdict recorded separately.",1778693,,,,,,artifact.r017.ch03-cumulative-pdf,pass,output/through-ch03-pdf/book1-through-ch03-id.pdf,2026-08-23T00:00:00+02:00,,codex-r017-o018-id-production,rights.r017.content,,interlanguage.artifact,0.1.0,b0f23f4826503bab9dd1547916885e6075125f8e991a3a4c10a75fdcbd29a0a9,,verified,,pdfLaTeX/Biber localized cumulative Chapter 3 controller
,,,workbook_localization_receipt,,Three workbooks localized; formula cells preserved; zero formula errors; all three worksheets rendered and visually inspected.,2502,,,,,,artifact.r017.ch03-workbook-localization-receipt,pass,00_control/CHAPTER03_WORKBOOK_LOCALIZATION.json,2026-08-23T00:00:00+02:00,,codex-r017-o018-id-production,rights.r017.code,,interlanguage.artifact,0.1.0,fc0be361903eb7fb460bad89aa9449421599c1bfe6f0e874fceba44a306ce039,,verified,,artifact-tool spreadsheet localization and render verification
,,,build_log,,"Zero unresolved-reference, unresolved-citation, duplicate-destination, overfull-box, fatal-error, emergency-stop, or missing-glyph hits.",689593,,,,,,artifact.r017.ch04-build-log,pass,qa/ch04-build-replay.log,2026-08-23T00:00:00+02:00,,codex-r017-o018-id-production,,,interlanguage.artifact,0.1.0,6d46ad0acce55809d8ca57cf4f556cdcb0662ea8ae96cc8d74ed470f15d090df,,verified,,canonical fixed-trailer Chapter 4 replay
,,,localized_cumulative_pdf,,157 pages; a separate fresh clean build reproduced the canonical PDF byte-for-byte; exact build-controller witness was 20895 bytes and SHA-256 532c67baef32ad937f9922b49708fe89f4e29b60e0774e392b28c5735d7dd68d; /Lang id-ID; fonts embedded with ToUnicode; figure descriptions exposed as ActualText; Tagged=no; final visual/navigation verdict recorded separately.,2030213,,,,,,artifact.r017.ch04-cumulative-pdf,pass,output/through-ch04-pdf/book1-through-ch04-id.pdf,2026-08-23T00:00:00+02:00,,codex-r017-o018-id-production,rights.r017.content,,interlanguage.artifact,0.1.0,bc5c79e9c5aae8092a87283db1c0d5ee0173d3a06dfe338904d8b360593062c4,,verified,,pdfLaTeX/Biber localized cumulative Chapter 4 controller
,,,workbook_localization_receipt,,"Eight workbooks and 11 sheets; 200 reader-visible cells localized; 64 formulas preserved; zero formula errors; topology, styles, renders, and deterministic bytes verified; authority divergences retained explicitly.",15543,,,,,,artifact.r017.ch04-workbook-localization-receipt,pass,00_control/CHAPTER04_WORKBOOK_LOCALIZATION.json,2026-08-23T00:00:00+02:00,,codex-r017-o018-id-production,rights.r017.code,,interlanguage.artifact,0.1.0,50820039c6689e19dccd0d958172e6bd243736d1cc9636434f7e63dac6b4ca90,,verified,,@oai/artifact-tool 2.8.6+ targeted OOXML localization and deterministic package normalization
,,,build_log,,"Zero fatal error, undefined reference, undefined citation, duplicate destination, overfull box, emergency stop, or missing-glyph findings under the bounded log scan.",829779,,,,,,artifact.r017.ch05-build-log,pass,output/through-ch05-pdf/book1-through-ch05-id.log,2026-08-23T00:00:00+02:00,,codex-r017-o018-id-production,,,interlanguage.artifact,0.1.0,86ce197afd02985a8349fac89f7cc8c89c8a2818904b84aae94152f76efea4f3,,verified,,canonical fixed-date Chapter 5 build
,,,localized_cumulative_pdf,,189 pages; fixed trailer identity; /Lang id-ID; embedded fonts with ToUnicode; figure descriptions exposed through ActualText; Tagged=no; outline /Last pointer and duplicate exercise entry repaired; visual and log gates recorded separately.,2187784,,,,,,artifact.r017.ch05-cumulative-pdf,pass,output/through-ch05-pdf/book1-through-ch05-id.pdf,2026-08-23T00:00:00+02:00,,codex-r017-o018-id-production,rights.r017.content,,interlanguage.artifact,0.1.0,6f91c6b06d5b8f28e7fc6ee23123f20b5efa091eb59d44a45b8b23ca932ce647,,verified,,pdfLaTeX/Biber localized cumulative Chapter 5 controller
,,,build_log,,"Zero errors, undefined controls/references/citations, rerun requests, overfull boxes, missing characters, or duplicate destinations; warning classes/counts match the independent replay.",931557,,,,,,artifact.r017.ch06-build-log,pass,output/through-ch06-pdf/book1-through-ch06-id.log,2026-08-23T00:00:00+02:00,,codex-r017-o018-id-production,,,interlanguage.artifact,0.1.0,d41fca62330f0bc774ac1259b2ad2a5b4e98bf570c5901f22b0e94e25bfb2453,,verified,,canonical fixed-date Chapter 6 build
,,,localized_cumulative_pdf,,209 pages; canonical and independent clean replay byte-identical with forced source date and normalized absolute TEXINPUTS; id-ID metadata and rights; 84 outlines; no later simplex input in FLS; visual and log gates recorded separately.,2320294,,,,,,artifact.r017.ch06-cumulative-pdf,pass,output/through-ch06-pdf/book1-through-ch06-id.pdf,2026-08-23T00:00:00+02:00,,codex-r017-o018-id-production,rights.r017.content,,interlanguage.artifact,0.1.0,63a97aaae66ddddecdfb3003aa8056e960b97bda6d3bb2c355d2b9174fb2dc8f,,verified,,pdfLaTeX/Biber localized cumulative Chapter 6 controller
,,,build_log,,"Zero unresolved-reference, unresolved-citation, duplicate-destination, overfull-box, fatal-error, emergency-stop, or missing-glyph hits.",169388,,,,,,artifact.r017.first-boundary-build-log,pass,qa/unit1-build-replay.log,2026-08-23T00:00:00+02:00,,codex-r017-o018-id-production,,,interlanguage.artifact,0.1.0,7e21b567adbd7941fab5596c23e806877c88cfab0afd67f5de81eb4b2c74572e,,verified,,final forced replay
,,,localized_unit_pdf,,47 pages; deterministic fixed trailer ID; /Lang id-ID; localized metadata and rights; clean delimiter extraction; Tagged=no; no PDF/UA claim.,562361,,,,,,artifact.r017.first-boundary-pdf,pass,output/unit1-pdf/book1-unit1-id.pdf,2026-08-23T00:00:00+02:00,,codex-r017-o018-id-production,rights.r017.content,,interlanguage.artifact,0.1.0,278b8cbbef94698220c9cecd7d70851668fd215d2c328e5474814ca9dcce31c3,,verified,,pdfLaTeX/Biber localized first-boundary controller
,,,build_log,,"Zero overfull boxes, undefined references, multiply-defined labels, fatal errors, emergency stops, or LaTeX errors.",1536234,,,,,,artifact.r017.simplex-build-log,pass,output/through-simplex-pdf/book1-through-simplex-id.log,2026-08-23T00:00:00+02:00,,codex-r017-o018-id-production,,,interlanguage.artifact,0.1.0,179e2b807f803240ed7c783ced2675451af29c62e5931529688a55df8f99a22b,,verified,,canonical fixed-date Chapters 1--9 build
,,,reproducibility_log,,"Zero overfull boxes, undefined references, multiply-defined labels, fatal errors, emergency stops, or LaTeX errors.",1536443,,,,,,artifact.r017.simplex-clean-replay-log,pass,qa/through-simplex-clean-replay-final-20260822-dd87ef54/book1-through-simplex-id.log,2026-08-23T00:00:00+02:00,,codex-r017-o018-id-production,,,interlanguage.artifact,0.1.0,ac088ee37e6e56cd9577c95b95495d1e2968218e72c121b82bd757d77a5b1737,,verified,,fresh-directory deterministic replay
,,,reproducibility_replay,,Byte-identical to the canonical 311-page PDF.,3120962,,,,,,artifact.r017.simplex-clean-replay-pdf,pass,qa/through-simplex-clean-replay-final-20260822-dd87ef54/book1-through-simplex-id.pdf,2026-08-23T00:00:00+02:00,,codex-r017-o018-id-production,rights.r017.content,,interlanguage.artifact,0.1.0,dd87ef5478b7cd0cecd88e983a4349580527c456c8c6c2abd804b6b6bff3ed4a,,verified,,fresh-directory deterministic replay
,,,localized_cumulative_pdf,,"311 pages; canonical and independent clean replay are byte-identical under the pinned source date and fixed font-safe asset path; final independent audit reports P1=0, P2=0, P3=1 for disclosed untagged-PDF accessibility only.",3120962,,,,,,artifact.r017.simplex-cumulative-pdf,pass,output/through-simplex-pdf/book1-through-simplex-id.pdf,2026-08-23T00:00:00+02:00,,codex-r017-o018-id-production,rights.r017.content,,interlanguage.artifact,0.1.0,dd87ef5478b7cd0cecd88e983a4349580527c456c8c6c2abd804b6b6bff3ed4a,,verified,,pdfLaTeX/Biber localized cumulative Chapters 1--9 controller
,,,independent_release_audit,,"All 103 new-span pages inspected; P1=0, P2=0, P3=1 for untagged-PDF structure only; navigation, fonts, metadata, text extraction, and layout pass.",4914,,,,,,artifact.r017.simplex-final-audit,pass,qa/simplex-final-audit-subagent-dd87ef54/FINAL_ADMISSION_AUDIT.md,2026-08-23T00:00:00+02:00,,codex-r017-o018-id-production,,,interlanguage.artifact,0.1.0,68ed5f0c27e1e0cdba16e4a3cce0e9b1c33a08f3785e06c2449bddeb4dce7cbd,,verified,,independent exact-byte PDF audit
,,,deterministic_build_asset,,Font-safe replay of the pinned third-party source figure; source bytes remain unchanged and separately attributed.,168670,,,,,,artifact.r017.simplex-font-safe-polytope,pass,output/through-simplex-build-assets/texinputs/foundationsAppliedMathematicsLabs/Volume2/Simplex/figures/feasiblePolytope.pdf,2026-08-23T00:00:00+02:00,,codex-r017-o018-id-production,rights.thirdparty.foundations,,interlanguage.artifact,0.1.0,c925b6eaf59efac328b98b264a44805ef9ea6f95b8f0edaf9e88485a936c5fba,,verified,,MuPDF 600-dpi deterministic PCLm repaint
,,,terminology_research_source_package,,"Field-matched math.OC source package verified; its 67,718-byte TeX member is English, SHA-256 7739647353e945fb92c0725f7f1ae77b366a3560759397ad6fd68366d943ed31, so it was excluded as Indonesian terminology evidence.",22112,,,,,,artifact.r017.terminology-arxiv-english-tex,pass,qa/terminology-evidence/arxiv-1207.5130v1-source.gz,2026-08-23T00:00:00+02:00,,codex-r017-o018-id-production,,,interlanguage.artifact,0.1.0,e82e33a0c1d9c27991b2cb832260ae9a92d2bfe2a0606c02d433ba0d2de3d17a,https://arxiv.org/src/1207.5130v1,verified,,official arXiv source endpoint plus direct TeX inspection
,,,terminology_research_pdf_only_source,,"Indonesian adjacent candidate verified, but the official source endpoint returns a PDF rather than TeX; retained only as evidence of the failed preferred route.",927606,,,,,,artifact.r017.terminology-arxiv-indonesian-pdf,pass,qa/terminology-evidence/arxiv-1506.00091v1-pdf-source.pdf,2026-08-23T00:00:00+02:00,,codex-r017-o018-id-production,,,interlanguage.artifact,0.1.0,c155f4efd57db9ddc2cce74fc0f9e63a0e4783e2adc555bb79d7c0a117946c41,https://arxiv.org/src/1506.00091v1,verified,,official arXiv source endpoint plus PDF magic and text inspection
,,,terminology_modern_crosscheck_pdf,,Modern Indonesian goal-programming cross-check verified; the PDF's stale embedded title metadata was explicitly rejected in favor of visible and official journal identity.,606467,,,,,,artifact.r017.terminology-journal-crosscheck,pass,qa/terminology-evidence/rosidah-et-al-fuzzy-goal-programming-2025.pdf,2026-08-23T00:00:00+02:00,,codex-r017-o018-id-production,,,interlanguage.artifact,0.1.0,beb3055435030a31f234dff10c261ab5fc3a413a1472b14050eb88462533ec1b,https://doi.org/10.21831/jktm.v11i1.21643,verified,,visible first-page and journal-record identity check plus terminology extraction
,,,terminology_qa_backend_record,,"Binds the failed preferred arXiv route, honest field fallback, modern cross-check, exact decisions and paths, protected-token policy, third-party rights caveat, and exact model provenance.",5578,,,,,,artifact.r017.terminology-qa-backend-record,pass,backend/input/terminology-qa-id-ID-2026-08-22.json,2026-08-23T00:00:00+02:00,,codex-r017-o018-id-production,rights.r017.content,,interlanguage.artifact,0.1.0,104a31e3268b72efbd940aed6219a338594a8f2c83d63c6ee605adbca216bbb7,,verified,,deterministic JSON record derived from bounded source-format verification and direct terminology inspection
,,,terminology_qa_report,,"No suitable Indonesian arXiv TeX source found; one field fallback and one modern cross-check justify one local correction, four glossary-record expansions containing five retrieval aliases, and no mass replacement.",5838,,,,,,artifact.r017.terminology-qa-report,pass,qa/terminology-evidence/INDONESIAN-FIELD-TERMINOLOGY-QA.md,2026-08-23T00:00:00+02:00,,codex-r017-o018-id-production,rights.r017.content,,interlanguage.artifact,0.1.0,ca650f605b757a9ca3f0265555ee0bb0914f9def90012115658395f33e793a7b,,verified,,"bounded source search, direct TeX/PDF inspection, literal corpus counts, and mathematical editorial review"
,,,terminology_field_fallback_pdf,,"Field-matched Indonesian source inspected for linear programming, simplex, feasible/basic solutions, canonical/standard forms, pivoting, objectives, constraints, and decision variables.",478782,,,,,,artifact.r017.terminology-uny-field-fallback,pass,qa/terminology-evidence/nababan-2015-bab-ii-pemrograman-linear.pdf,2026-08-23T00:00:00+02:00,,codex-r017-o018-id-production,,,interlanguage.artifact,0.1.0,93e28050ca432e5f9947bb6d648b77e80e93db09c7a281e53a88ea07100ad3f7,https://eprints.uny.ac.id/28253/2/BAB%20II.pdf,verified,,full text extraction plus visual inspection of the 30-page theoretical chapter
,,,official_reader_epub,,Official reader EPUB matches the retained pinned repository EPUB byte-for-byte.,21491449,,,,,,artifact.r017.upstream-epub,pass,authority/upstream/open-optimization-or-book-1745df89b608899f66983834fa4ec8c8910d18ff/epub-build/book1-epub.epub,2026-08-23T00:00:00+02:00,,codex-r017-o018-id-production,,,interlanguage.artifact,0.1.0,1a70a71f6aa277a1791bddeb89c47046b4c09d731d6c1bb69e192b7ba4ebd00f,,verified,,upstream publication
,,,official_reader_pdf,,Official reader PDF matches the retained pinned repository PDF byte-for-byte.,24789041,,,,,,artifact.r017.upstream-pdf,pass,authority/upstream/open-optimization-or-book-1745df89b608899f66983834fa4ec8c8910d18ff/Intro-Math-Programming/baseText/book/book1-main.pdf,2026-08-23T00:00:00+02:00,,codex-r017-o018-id-production,,,interlanguage.artifact,0.1.0,70b87fba1905cda5f2702427bbe00d301624fcf3d20929c8e3db61dcd2e45f24,,verified,,upstream publication
,,,runtime_license_manifest,,"Freezes Pyomo, highspy/HiGHS, and all NumPy packaged license files.",2313,,,,,,artifact.runtime-license-manifest,pass,authority/runtime-licenses/MANIFEST.csv,2026-08-23T00:00:00+02:00,,codex-r017-o018-id-production,,,interlanguage.artifact,0.1.0,71451702ae6d014eb1e59fbd8ac950fa9f26b0bab47661817b5fe65daf41b329,,verified,,wheel-extracted primary and additional license closure
,,,license_evidence,,HiGHS MIT license text preserved.,1083,,,,,,artifact.runtime-license.highspy-1.15.1,pass,authority/runtime-licenses/highspy-1.15.1/LICENSE.txt,2026-08-23T00:00:00+02:00,,codex-r017-o018-id-production,rights.highspy.runtime,,interlanguage.artifact,0.1.0,dd4cdc98726c5657e39129be5bc4c1c452e8e242325807f99aeaa38605af1ca4,,verified,,extracted from frozen wheel
,,,license_evidence,,Primary NumPy license and bundled-attribution text; complete additional files remain manifest-bound.,45831,,,,,,artifact.runtime-license.numpy-2.5.2,pass,authority/runtime-licenses/numpy-2.5.2/LICENSE.txt,2026-08-23T00:00:00+02:00,,codex-r017-o018-id-production,rights.numpy.runtime,,interlanguage.artifact,0.1.0,a804dff0ead9fadc5293456410bcbfc32bf024be9c4513459663fb7b442d2341,,verified,,extracted from frozen wheel
,,,license_evidence,,Primary BSD-3-Clause text plus additional notices preserved in full.,16947,,,,,,artifact.runtime-license.pyomo-6.10.1,pass,authority/runtime-licenses/pyomo-6.10.1/LICENSE.md,2026-08-23T00:00:00+02:00,,codex-r017-o018-id-production,rights.pyomo.runtime,,interlanguage.artifact,0.1.0,a57ea3ac2d2dec65238989c17c7f4839481b9810bcec159c7977eac55fc75e69,,verified,,extracted from frozen wheel
,,,third_party_notice,,"CLI11, pdqsort, zstr, and HIPO=OFF component nuance retained; closure is not described as MIT-only.",2600,,,,,,artifact.runtime-notices.highspy-1.15.1,pass,authority/runtime-licenses/highspy-1.15.1/THIRD_PARTY_NOTICES.md,2026-08-23T00:00:00+02:00,,codex-r017-o018-id-production,rights.highspy.runtime,,interlanguage.artifact,0.1.0,52979632c5d3cc026f36730eae2b112ace72eb2f0792feb0591036e9c16e4aee,,verified,,extracted from frozen wheel
,,,runtime_wheel_manifest,,"Names, sizes, and SHA-256 values for three retained wheels.",407,,,,,,artifact.runtime-wheel-manifest,pass,authority/runtime-wheels/MANIFEST.csv,2026-08-23T00:00:00+02:00,,codex-r017-o018-id-production,,,interlanguage.artifact,0.1.0,326fc250a9b3b17f523a67672f1f38eae48d4f868239c5eaa273644ab0ec6e04,,verified,,frozen runtime closure
,,,python_wheel,,Frozen Windows AMD64 CPython 3.12 wheel; no extras installed.,2711114,,,,,,artifact.runtime-wheel.highspy-1.15.1,pass,authority/runtime-wheels/windows-cp312-amd64/highspy-1.15.1-cp312-cp312-win_amd64.whl,2026-08-23T00:00:00+02:00,,codex-r017-o018-id-production,rights.highspy.runtime,,interlanguage.artifact,0.1.0,8c548165270608a40147a7ea6d985fd62a65fabf0f075b3c0c59ea910b724223,,verified,,official PyPI wheel
,,,python_wheel,,Frozen Windows AMD64 CPython 3.12 wheel.,12464674,,,,,,artifact.runtime-wheel.numpy-2.5.2,pass,authority/runtime-wheels/windows-cp312-amd64/numpy-2.5.2-cp312-cp312-win_amd64.whl,2026-08-23T00:00:00+02:00,,codex-r017-o018-id-production,rights.numpy.runtime,,interlanguage.artifact,0.1.0,28ac63476ec7651484215ee7fa15a1f78b57c14621f01e392afe17b9a1390ce4,,verified,,official PyPI wheel
,,,python_wheel,,Frozen CPython-compatible pure-Python wheel.,4175938,,,,,,artifact.runtime-wheel.pyomo-6.10.1,pass,authority/runtime-wheels/windows-cp312-amd64/pyomo-6.10.1-py3-none-any.whl,2026-08-23T00:00:00+02:00,,codex-r017-o018-id-production,rights.pyomo.runtime,,interlanguage.artifact,0.1.0,7a81b5301d4c0389809c1afd12311d23db04522341566332229d8ce4226bccb1,,verified,,official PyPI wheel
