affected_unit_ids,correction_type,evidence,id,prior_upstream_report_disposition,rationale,recorded_at,responsible_workflow,schema_name,schema_version,source_defect,status,supersedes_id,target_action,upstream_report_disposition
"[""unit.o018.lab.ch10""]",source_math_correction,"{""certificate"":""Untuk basis [x,y,s2], A_B^{-1}A_N=[[2,-1],[-1,1],[-3,1]], sehingga x_B=b'-A_N'x_N tepat mereproduksi kamus akhir."",""id"":""CORR-CH10-MATRIX-AN-SIGNS"",""source_location"":""authority chapter lines 509-515"",""target_location"":""translated chapter lines 501-522"",""type"":""source_math_correction""}",correction.o018.ch10.corr-ch10-matrix-an-signs,,"Untuk basis [x,y,s2], A_B^{-1}A_N=[[2,-1],[-1,1],[-3,1]], sehingga x_B=b'-A_N'x_N tepat mereproduksi kamus akhir.",2026-08-23T00:00:00+02:00,codex-r017-o018-id-production,interlanguage.correction,0.1.0,"Untuk basis [x,y,s2], A_B^{-1}A_N=[[2,-1],[-1,1],[-3,1]], sehingga x_B=b'-A_N'x_N tepat mereproduksi kamus akhir.",recorded,,preserved explicitly in the Indonesian edition or lab evidence,not_opened; no author contact during production
"[""unit.o018.lab.ch10""]",source_math_correction,"{""certificate"":""Dengan slack baru s1' pada Ax+s1'=b1+Delta, slack lama memenuhi s1=s1'-Delta; substitusi ini menghasilkan x=4+2Delta, y=5-Delta, s2=3-3Delta."",""id"":""CORR-CH10-RHS-B1-SLACK"",""source_location"":""authority chapter lines 214-215"",""target_location"":""translated chapter line 218"",""type"":""source_math_correction""}",correction.o018.ch10.corr-ch10-rhs-b1-slack,,"Dengan slack baru s1' pada Ax+s1'=b1+Delta, slack lama memenuhi s1=s1'-Delta; substitusi ini menghasilkan x=4+2Delta, y=5-Delta, s2=3-3Delta.",2026-08-23T00:00:00+02:00,codex-r017-o018-id-production,interlanguage.correction,0.1.0,"Dengan slack baru s1' pada Ax+s1'=b1+Delta, slack lama memenuhi s1=s1'-Delta; substitusi ini menghasilkan x=4+2Delta, y=5-Delta, s2=3-3Delta.",recorded,,preserved explicitly in the Indonesian edition or lab evidence,not_opened; no author contact during production
"[""unit.o018.lab.ch10""]",source_math_correction,"{""certificate"":""Dengan slack baru s3' pada Ax+s3'=b3+Delta, slack lama memenuhi s3=s3'-Delta; substitusi ini menghasilkan x=4-Delta, y=5+Delta, s2=3+Delta."",""id"":""CORR-CH10-RHS-B3-SLACK"",""source_location"":""authority chapter line 283"",""target_location"":""translated chapter line 286"",""type"":""source_math_correction""}",correction.o018.ch10.corr-ch10-rhs-b3-slack,,"Dengan slack baru s3' pada Ax+s3'=b3+Delta, slack lama memenuhi s3=s3'-Delta; substitusi ini menghasilkan x=4-Delta, y=5+Delta, s2=3+Delta.",2026-08-23T00:00:00+02:00,codex-r017-o018-id-production,interlanguage.correction,0.1.0,"Dengan slack baru s3' pada Ax+s3'=b3+Delta, slack lama memenuhi s3=s3'-Delta; substitusi ini menghasilkan x=4-Delta, y=5+Delta, s2=3+Delta.",recorded,,preserved explicitly in the Indonesian edition or lab evidence,not_opened; no author contact during production
"[""unit.o018.lab.ch11""]",source_math_correction,"{""certificate"":""Kasus minimisasi simetris yang sah adalah min b^T x dengan Ax>=c dan x>=0, berdual max c^T y dengan A^T y<=b dan y>=0; contoh satu variabel terkoreksi memberi 3=3, sedangkan bentuk lama memberi klaim 3<=0 yang salah."",""id"":""CORR-CH11-CASE2-GEQ"",""solver_checks"":[{""case"":""case2_corrected"",""maximum_violation"":0,""objective"":3,""point"":{""x1"":3},""purpose"":""independent_lp_corroboration"",""side"":""primal"",""solver"":""appsi_highs"",""status"":""ok"",""termination_condition"":""optimal"",""variant"":""nominal""},{""case"":""case2_corrected"",""maximum_violation"":0,""objective"":3,""point"":{""y1"":1},""purpose"":""independent_lp_corroboration"",""side"":""dual"",""solver"":""appsi_highs"",""status"":""ok"",""termination_condition"":""optimal"",""variant"":""nominal""}],""source_location"":""translated duality.tex lines 556-584; translated manual ch11.tex line 16"",""type"":""source_math_correction"",""verification"":{""corrected_dual_value"":3,""corrected_primal_value"":3,""old_form_weak_duality_counterexample"":""dual 3 tidak <= primal 0""}}",correction.o018.ch11.corr-ch11-case2-geq,,"Kasus minimisasi simetris yang sah adalah min b^T x dengan Ax>=c dan x>=0, berdual max c^T y dengan A^T y<=b dan y>=0; contoh satu variabel terkoreksi memberi 3=3, sedangkan bentuk lama memberi klaim 3<=0 yang salah.",2026-08-23T00:00:00+02:00,codex-r017-o018-id-production,interlanguage.correction,0.1.0,"Kasus minimisasi simetris yang sah adalah min b^T x dengan Ax>=c dan x>=0, berdual max c^T y dengan A^T y<=b dan y>=0; contoh satu variabel terkoreksi memberi 3=3, sedangkan bentuk lama memberi klaim 3<=0 yang salah.",recorded,,preserved explicitly in the Indonesian edition or lab evidence,not_opened; no author contact during production
"[""unit.o018.lab.ch11""]",source_wording_correction,"{""certificate"":""Titik (1,1) hanya kandidat: 2(1)+1=3<5, sehingga tidak layak dual; pasangan optimum adalah x=(3,2), y=(11/5,3/5), bernilai 23."",""id"":""CORR-CH11-EX11-13-CANDIDATE"",""solver_checks"":[],""source_location"":""translated complimentary-slackness.tex line 360; translated manual ch11.tex line 18"",""type"":""source_wording_correction"",""verification"":{""candidate_first_constraint_lhs"":3,""candidate_first_constraint_rhs"":5,""candidate_is_dual_feasible"":false,""correct_optimum"":23}}",correction.o018.ch11.corr-ch11-ex11-13-candidate,,"Titik (1,1) hanya kandidat: 2(1)+1=3<5, sehingga tidak layak dual; pasangan optimum adalah x=(3,2), y=(11/5,3/5), bernilai 23.",2026-08-23T00:00:00+02:00,codex-r017-o018-id-production,interlanguage.correction,0.1.0,"Titik (1,1) hanya kandidat: 2(1)+1=3<5, sehingga tidak layak dual; pasangan optimum adalah x=(3,2), y=(11/5,3/5), bernilai 23.",recorded,,preserved explicitly in the Indonesian edition or lab evidence,not_opened; no author contact during production
"[""unit.o018.lab.ch11""]",source_math_correction,"{""certificate"":""Pada maksimisasi campuran, kendala >= memberi pengali <=0, kendala <= memberi pengali >=0, dan variabel bebas memberi persamaan dual; contoh terkoreksi memiliki primal taklayak dan dual takterbatas."",""id"":""CORR-CH11-MIXED-SIGNS-FREE"",""solver_checks"":[{""case"":""complicated_corrected"",""maximum_violation"":null,""objective"":null,""point"":null,""purpose"":""independent_lp_corroboration"",""side"":""primal"",""solver"":""appsi_highs"",""status"":""error"",""termination_condition"":""infeasible"",""variant"":""corrected_signs""},{""case"":""complicated_corrected"",""maximum_violation"":null,""objective"":null,""point"":null,""purpose"":""independent_lp_corroboration"",""side"":""dual"",""solver"":""appsi_highs"",""status"":""error"",""termination_condition"":""unbounded"",""variant"":""corrected_signs""}],""source_location"":""translated duality.tex lines 902-1038; translated manual ch11.tex line 17"",""type"":""source_math_correction"",""verification"":{""dual_feasible_base_point"":[""3/2"",0,""1/2""],""dual_unbounded_ray"":[1,-2,3],""primal_x1_lower_bound"":""5/3"",""primal_x1_upper_bound"":""3/2"",""ray_objective_change"":-1}}",correction.o018.ch11.corr-ch11-mixed-signs-free,,"Pada maksimisasi campuran, kendala >= memberi pengali <=0, kendala <= memberi pengali >=0, dan variabel bebas memberi persamaan dual; contoh terkoreksi memiliki primal taklayak dan dual takterbatas.",2026-08-23T00:00:00+02:00,codex-r017-o018-id-production,interlanguage.correction,0.1.0,"Pada maksimisasi campuran, kendala >= memberi pengali <=0, kendala <= memberi pengali >=0, dan variabel bebas memberi persamaan dual; contoh terkoreksi memiliki primal taklayak dan dual takterbatas.",recorded,,preserved explicitly in the Indonesian edition or lab evidence,not_opened; no author contact during production
"[""unit.o018.lab.ch11""]",upstream_modeling_redundancy_defect,"{""certificate"":""Dari 4x1+6x2+4x3=240 dan x3>=0 diperoleh 6x1+9x2+8x3=(3/2)(240)+2x3=360+2x3>=360, sehingga kendala retail >=80 selalu redundan."",""confidence"":""high"",""id"":""UPSTREAM-DEFECT-CH11-EX11-17-RETAIL-REDUNDANT"",""source_location"":""translated complimentary-slackness.tex lines 539-570; translated manual ch11.tex lines 316-346"",""status"":""reported_not_modified"",""type"":""upstream_modeling_redundancy_defect""}",correction.o018.ch11.upstream-defect-ch11-ex11-17-retail-redundant,,"Dari 4x1+6x2+4x3=240 dan x3>=0 diperoleh 6x1+9x2+8x3=(3/2)(240)+2x3=360+2x3>=360, sehingga kendala retail >=80 selalu redundan.",2026-08-23T00:00:00+02:00,codex-r017-o018-id-production,interlanguage.correction,0.1.0,"Dari 4x1+6x2+4x3=240 dan x3>=0 diperoleh 6x1+9x2+8x3=(3/2)(240)+2x3=360+2x3>=360, sehingga kendala retail >=80 selalu redundan.",recorded,,preserved without source modification and recorded in local evidence only; not communicated upstream,not_opened; no author contact during production
"[""unit.o018.lab.ch11""]",upstream_theorem_completeness_defect,"{""certificate"":""Latihan 11.8 memberi primal dan dual yang sama-sama taklayak: penjumlahan kendala primal memaksa 0<=-2 dan penjumlahan kendala dual memaksa 0>=2."",""confidence"":""high"",""id"":""UPSTREAM-DEFECT-CH11-STRONG-DUALITY-OMITS-BOTH-INFEASIBLE"",""source_location"":""translated duality.tex lines 219-243; translated manual ch11.tex lines 156-158"",""status"":""reported_not_modified"",""type"":""upstream_theorem_completeness_defect""}",correction.o018.ch11.upstream-defect-ch11-strong-duality-omits-both-infeasible,,Latihan 11.8 memberi primal dan dual yang sama-sama taklayak: penjumlahan kendala primal memaksa 0<=-2 dan penjumlahan kendala dual memaksa 0>=2.,2026-08-23T00:00:00+02:00,codex-r017-o018-id-production,interlanguage.correction,0.1.0,Latihan 11.8 memberi primal dan dual yang sama-sama taklayak: penjumlahan kendala primal memaksa 0<=-2 dan penjumlahan kendala dual memaksa 0>=2.,recorded,,preserved without source modification and recorded in local evidence only; not communicated upstream,not_opened; no author contact during production
"[""unit.o018.lab.ch13""]",source_figure_data,"{""certificate"":""Titik poligon (8.5,0) dan (5,14) memenuhi pendapatan 68000, sedangkan 70% dari 96000 adalah 67200; perpotongan tepatnya (8.4,0) dan (34/7,496/35)."",""id"":""DEF-CH13-70PCT-FIGURE"",""source_location"":""bab otoritas baris 143--151 dan 179--185"",""type"":""source_figure_data""}",correction.o018.ch13.def-ch13-70pct-figure,,"Titik poligon (8.5,0) dan (5,14) memenuhi pendapatan 68000, sedangkan 70% dari 96000 adalah 67200; perpotongan tepatnya (8.4,0) dan (34/7,496/35).",2026-08-23T00:00:00+02:00,codex-r017-o018-id-production,interlanguage.correction,0.1.0,"Titik poligon (8.5,0) dan (5,14) memenuhi pendapatan 68000, sedangkan 70% dari 96000 adalah 67200; perpotongan tepatnya (8.4,0) dan (34/7,496/35).",recorded,,preserved explicitly in the Indonesian edition or lab evidence,not_opened; no author contact during production
"[""unit.o018.lab.ch13""]",source_manual_alignment,"{""certificate"":""Buku memuat 11 latihan; manual memuat 10 dan melewatkan ex:lex-vs-weighted. Entri manual 13.10 menjawab ex:furniture-weights, yaitu latihan buku 13.11."",""id"":""DEF-CH13-MANUAL-OMISSION"",""source_location"":""urutan latihan bab otoritas dibandingkan inventaris exsol manual otoritas"",""type"":""source_manual_alignment""}",correction.o018.ch13.def-ch13-manual-omission,,"Buku memuat 11 latihan; manual memuat 10 dan melewatkan ex:lex-vs-weighted. Entri manual 13.10 menjawab ex:furniture-weights, yaitu latihan buku 13.11.",2026-08-23T00:00:00+02:00,codex-r017-o018-id-production,interlanguage.correction,0.1.0,"Buku memuat 11 latihan; manual memuat 10 dan melewatkan ex:lex-vs-weighted. Entri manual 13.10 menjawab ex:furniture-weights, yaitu latihan buku 13.11.",recorded,,preserved explicitly in the Indonesian edition or lab evidence,not_opened; no author contact during production
"[""unit.o018.lab.ch13""]",source_terminology,"{""certificate"":""Fungsi 8000x+2000y diperkenalkan sebagai pendapatan tetapi kemudian disebut laba tanpa suku biaya."",""id"":""DEF-CH13-REVENUE-PROFIT-TERMS"",""source_location"":""bab otoritas baris 127--148"",""type"":""source_terminology""}",correction.o018.ch13.def-ch13-revenue-profit-terms,,Fungsi 8000x+2000y diperkenalkan sebagai pendapatan tetapi kemudian disebut laba tanpa suku biaya.,2026-08-23T00:00:00+02:00,codex-r017-o018-id-production,interlanguage.correction,0.1.0,Fungsi 8000x+2000y diperkenalkan sebagai pendapatan tetapi kemudian disebut laba tanpa suku biaya.,recorded,,preserved explicitly in the Indonesian edition or lab evidence,not_opened; no author contact during production
"[""unit.o018.lab.ch14""]",source_note,"{""id"":""NOTE-CH14-BERN-TIME"",""status"":""corrected_in_id_source"",""text"":""Saksi hulu menampilkan Bern--Frankfurt sebagai 3.55; edisi id-ID memakai 3:55 sesuai solusi terpilih.""}",correction.o018.ch14.note-ch14-bern-time,,Saksi hulu menampilkan Bern--Frankfurt sebagai 3.55; edisi id-ID memakai 3:55 sesuai solusi terpilih.,2026-08-23T00:00:00+02:00,codex-r017-o018-id-production,interlanguage.correction,0.1.0,Saksi hulu menampilkan Bern--Frankfurt sebagai 3.55; edisi id-ID memakai 3:55 sesuai solusi terpilih.,recorded,,corrected_in_id_source,not_opened; no author contact during production
"[""unit.o018.lab.ch14""]",source_note,"{""id"":""NOTE-CH14-HARDCODED-REFS"",""status"":""recorded"",""text"":""Keterampilan 11 dan 14 merujuk nomor soal secara manual, sehingga rentan terhadap penyisipan atau pengurutan ulang.""}",correction.o018.ch14.note-ch14-hardcoded-refs,,"Keterampilan 11 dan 14 merujuk nomor soal secara manual, sehingga rentan terhadap penyisipan atau pengurutan ulang.",2026-08-23T00:00:00+02:00,codex-r017-o018-id-production,interlanguage.correction,0.1.0,"Keterampilan 11 dan 14 merujuk nomor soal secara manual, sehingga rentan terhadap penyisipan atau pengurutan ulang.",recorded,,recorded,not_opened; no author contact during production
"[""unit.o018.lab.ch14""]",source_note,"{""id"":""NOTE-CH14-LOWRES-EXERCISES"",""status"":""preserved_with_rubric"",""text"":""Keterampilan 1--2 bergantung pada raster beresolusi rendah; rincian konstruksi tidak dipaksakan melampaui yang terlihat.""}",correction.o018.ch14.note-ch14-lowres-exercises,,Keterampilan 1--2 bergantung pada raster beresolusi rendah; rincian konstruksi tidak dipaksakan melampaui yang terlihat.,2026-08-23T00:00:00+02:00,codex-r017-o018-id-production,interlanguage.correction,0.1.0,Keterampilan 1--2 bergantung pada raster beresolusi rendah; rincian konstruksi tidak dipaksakan melampaui yang terlihat.,recorded,,preserved_with_rubric,not_opened; no author contact during production
"[""unit.o018.lab.ch14""]",source_note,"{""id"":""NOTE-CH14-PRIM-FLOAT"",""status"":""preserved_and_disambiguated"",""text"":""Gambar Prim tujuh simpul setelah Latihan 14.3 bukan graf latihan enam simpul; lab memakai data latihan yang eksplisit.""}",correction.o018.ch14.note-ch14-prim-float,,Gambar Prim tujuh simpul setelah Latihan 14.3 bukan graf latihan enam simpul; lab memakai data latihan yang eksplisit.,2026-08-23T00:00:00+02:00,codex-r017-o018-id-production,interlanguage.correction,0.1.0,Gambar Prim tujuh simpul setelah Latihan 14.3 bukan graf latihan enam simpul; lab memakai data latihan yang eksplisit.,recorded,,preserved_and_disambiguated,not_opened; no author contact during production
"[""unit.o018.lab.ch15""]",source_model_semantics,"{""certificate"":""Frasa 'tepat satu kendala berlaku' tidak ekuivalen dengan formulasi Big-M standar: titik asal memenuhi kedua kendala namun tetap layak untuk kedua nilai pemilih. Manual memberi qaflag yang sama."",""id"":""DEF-CH15-EITHER-OR-SEMANTICS"",""source_location"":""Latihan ex:either-or-modes dan manual 15.10"",""type"":""source_model_semantics""}",correction.o018.ch15.def-ch15-either-or-semantics,,Frasa 'tepat satu kendala berlaku' tidak ekuivalen dengan formulasi Big-M standar: titik asal memenuhi kedua kendala namun tetap layak untuk kedua nilai pemilih. Manual memberi qaflag yang sama.,2026-08-23T00:00:00+02:00,codex-r017-o018-id-production,interlanguage.correction,0.1.0,Frasa 'tepat satu kendala berlaku' tidak ekuivalen dengan formulasi Big-M standar: titik asal memenuhi kedua kendala namun tetap layak untuk kedua nilai pemilih. Manual memberi qaflag yang sama.,recorded,,preserved explicitly in the Indonesian edition or lab evidence,not_opened; no author contact during production
"[""unit.o018.lab.ch15""]",source_solution_completeness_history,"{""certificate"":""Pencacahan semua 15 pasangan distrik menghasilkan tepat tiga optimum: {2,5}, {3,4}, dan {1,6}. Saksi yang dibekukan sudah mencatat bahwa solusi terpilih dahulu melewatkan pasangan {1,6}."",""id"":""DEF-CH15-FIRE-PLACEMENTS"",""source_location"":""Latihan ex:fire-warmup, Solusi Terpilih, dan manual 15.3"",""type"":""source_solution_completeness_history""}",correction.o018.ch15.def-ch15-fire-placements,,"Pencacahan semua 15 pasangan distrik menghasilkan tepat tiga optimum: {2,5}, {3,4}, dan {1,6}. Saksi yang dibekukan sudah mencatat bahwa solusi terpilih dahulu melewatkan pasangan {1,6}.",2026-08-23T00:00:00+02:00,codex-r017-o018-id-production,interlanguage.correction,0.1.0,"Pencacahan semua 15 pasangan distrik menghasilkan tepat tiga optimum: {2,5}, {3,4}, dan {1,6}. Saksi yang dibekukan sudah mencatat bahwa solusi terpilih dahulu melewatkan pasangan {1,6}.",recorded,,preserved explicitly in the Indonesian edition or lab evidence,not_opened; no author contact during production
"[""unit.o018.lab.ch01-shirt-ordering"",""unit.o018.lab.ch01-shirt-ordering.lp"",""unit.o018.lab.ch01-shirt-ordering.integer""]",output_semantics,"source/o018-open-solver-lab/ch01-shirt-ordering/data.json and results.json SHA-256 072e0e4fea8dd76a931dae1d2190605be6b015db7d19765a84d775d77fc82dbf, together with Chapter 1 exercise ex:shirt-full-lp.",correction.o018.result-order-chronology,,Explicit labels plus a separate ordered period array remove positional ambiguity without misrepresenting lexically sorted JSON object keys as chronological order.,2026-08-23T00:00:00+02:00,codex-r017-o018-id-production,interlanguage.correction,0.1.0,Order decisions need stable named day IDs rather than an unlabeled positional vector or reliance on JSON object order.,applied_in_target,,"Serialize every decision under its named order_day_id; define physical chronology through data.json periods[].order_day_id. The admitted values are Thursday 22, Friday 0, and Saturday 0 for both LP and integer modes; JSON key order is intentionally non-semantic.",not_upstream; local_adaptation_correction
"[""unit.r017.book1.ch02""]",mathematics,Chapter 2 screen-printing model and independent feasibility reasoning.,correction.r017.ch02-assumptions,hold_until_corpus_complete,The correction restores internal consistency and removes an unsafe modeling prescription.,2026-08-23T00:00:00+02:00,codex-r017-o018-id-production,interlanguage.correction,0.1.0,"The assumptions discussion contradicts the screen-printing example's profit, press-time, and second-product data and says a fractional LP plan may simply be rounded without a feasibility check.",applied_in_target,,"Align the illustration with USD 10 and two press-hours per shirt plus tote bags, and state that the LP relaxation is a bound/guide whose rounded plan must be checked or replaced by an integer model.",not_opened; user instructed no author contact; retained for local provenance only
"[""unit.r017.book1.ch02""]",model_classification,Chapter 2 bakery display.,correction.r017.ch02-bakery-relaxation,hold_until_corpus_complete,The model-class boundary is explicit without changing coefficients or constraints.,2026-08-23T00:00:00+02:00,codex-r017-o018-id-production,interlanguage.correction,0.1.0,The bakery display is titled as a linear program while including an integer domain as though both domain statements applied simultaneously.,applied_in_target,,Present the continuous display as the LP relaxation and state outside it that whole-item production adds integrality and yields an integer program.,not_opened; user instructed no author contact; retained for local provenance only
"[""unit.r017.book1.ch02""]",mathematics,Chapter 2 two-machine model coefficients.,correction.r017.ch02-cabinet-dominance,hold_until_corpus_complete,The dominance argument is now numerically correct.,2026-08-23T00:00:00+02:00,codex-r017-o018-id-production,interlanguage.correction,0.1.0,"A selected solution says a cabinet uses more resources than one bookcase plus one desk, but the coefficients are exactly equal in both resources.",applied_in_target,,State the exact equalities 3=1+2 and 4=2+2 and compare revenue 55 against 65.,not_opened; user instructed no author contact; retained for local provenance only
"[""unit.r017.book1.ch02""]",model_classification,Chapter 2 capital-allocation statement and solution.,correction.r017.ch02-capital-model-class,hold_until_corpus_complete,The name now matches the displayed binary domains.,2026-08-23T00:00:00+02:00,codex-r017-o018-id-production,interlanguage.correction,0.1.0,The capital-allocation prompt calls its binary 0-1 knapsack formulation a linear program.,applied_in_target,,Identify it as a binary integer program and 0-1 knapsack model.,not_opened; user instructed no author contact; retained for local provenance only
"[""unit.r017.book1.ch02""]",external_reference,Pinned notebook names and examplewithallcode argument contract.,correction.r017.ch02-code-link-order,hold_until_corpus_complete,Each reader control now identifies its actual solver implementation.,2026-08-23T00:00:00+02:00,codex-r017-o018-id-production,interlanguage.correction,0.1.0,The camping example passes the Gurobi notebook in the PuLP button position and the PuLP notebook in the Gurobi position.,applied_in_target,,Swap the two exact URLs into their correct macro argument positions.,not_opened; user instructed no author contact; retained for local provenance only
"[""unit.r017.book1.ch02""]",mathematics,Independent HiGHS replay of the displayed diet LP.,correction.r017.ch02-diet-metadata,hold_until_corpus_complete,The parameter inventory and verified LP optimum now match the displayed model.,2026-08-23T00:00:00+02:00,codex-r017-o018-id-production,interlanguage.correction,0.1.0,"The second diet model uses calorie coefficients without listing calories as a parameter, and a stale source comment misstates the first diet optimum's cost/color.",applied_in_target,,"Add calories to the parameter list and correct the nonrendered optimum witness to x_1=4.0625, x_3=0.3125, cost 5.34375.",not_opened; user instructed no author contact; retained for local provenance only
"[""unit.r017.book1.ch02""]",mathematics,Linearity of expectation applied to the displayed objective.,correction.r017.ch02-expected-cost-direction,hold_until_corpus_complete,The optimization direction now matches the stated coefficient semantics.,2026-08-23T00:00:00+02:00,codex-r017-o018-id-production,interlanguage.correction,0.1.0,Exercise 2.12 calls c_i costs while its manual maximizes expected cost.,applied_in_target,,State that the deterministic plan minimizes expected cost and change the manual objective from max to min.,not_opened; user instructed no author contact; retained for local provenance only
"[""unit.r017.book1.ch02""]",mathematics,Pinned and translated Chapter 2 generic LP displays and independent mathematical replay.,correction.r017.ch02-generic-index-ranges,hold_until_corpus_complete,The symbols now agree with every displayed coefficient matrix row and right-hand side.,2026-08-23T00:00:00+02:00,codex-r017-o018-id-production,interlanguage.correction,0.1.0,The generic and three-variable LP parameter lists reverse row/column index ranges and name the right-hand side b_j even though the displayed models use m constraint rows and n variables.,applied_in_target,,"Use a_ij with i=1,...,m and j=1,...,n and b_i for i=1,...,m; use i=1,...,4 and j=1,...,3 in the concrete example.",not_opened; user instructed no author contact; retained for local provenance only
"[""unit.r017.book1.ch02""]",layout,Final Chapter 2 source and 87-page cumulative build; the final log has zero overfull-box hits and PDF geometry places the last line within the MediaBox.,correction.r017.ch02-id-layout-reflow,,"The localized reflow eliminates frame/media overflow and the sparse spill/blank verso while preserving every coefficient, domain, feasible-direction calculation, optimum, label, and exercise relation.",2026-08-23T00:00:00+02:00,codex-r017-o018-id-production,interlanguage.correction,0.1.0,"Indonesian reflow split the opening production-planning frame mid-sentence, pushed two indexed model qualifiers beyond the frame/media boundary, and left five lines of the final selected solution alone before an automatic blank verso.",applied_in_target,,"Add one Needspace guard before the production-planning example; express the same indexed scopes compactly as 'untuk tiap j', 'untuk tiap a', and i,j in {1,2,3}; and use a two-baseline page allowance plus a concise, mathematically equivalent Indonesian rendering of the rented-labor solution.",not_upstream; locale_specific_reflow
"[""unit.r017.book1.ch02""]",mathematics,"Chapter 2 production-planning statement, parameter list, and balance equations.",correction.r017.ch02-initial-inventory,hold_until_corpus_complete,Treating initial inventory as a free decision can trivialize the model.,2026-08-23T00:00:00+02:00,codex-r017-o018-id-production,interlanguage.correction,0.1.0,"The production-planning prose defines s_0 as given initial inventory, but the model places it in the decision-variable nonnegativity line.",applied_in_target,,Declare fixed parameter s_0>=0 and remove it from the decision-variable domain.,not_opened; user instructed no author contact; retained for local provenance only
"[""unit.r017.book1.ch02""]",terminology,Chapter 2 Exercise 2.11 and both selected/manual solutions.,correction.r017.ch02-linear-constraint-wording,hold_until_corpus_complete,The classification now matches the displayed relation signs.,2026-08-23T00:00:00+02:00,codex-r017-o018-id-production,interlanguage.correction,0.1.0,"Exercise 2.11 asks which expressions are linear inequalities even though item 4 is an equality, and its answer calls both items 4 and 5 inequalities.",applied_in_target,,Ask for linear constraints and identify item 4 as a linear equality and item 5 as a linear inequality.,not_opened; user instructed no author contact; retained for local provenance only
"[""unit.r017.book1.ch02.solutions-manual""]",rights_provenance,Pinned Chapter 2 exercise footnote and solutions-manual header/qaflags.,correction.r017.ch02-manual-provenance,hold_until_corpus_complete,The derivative does not manufacture rights conclusions that the pinned authority cannot prove.,2026-08-23T00:00:00+02:00,codex-r017-o018-id-production,interlanguage.correction,0.1.0,The source manual makes unsupported per-exercise origin and closed-license claims and retains a stale correction-history note.,applied_in_target,,Preserve the source's section-level Sekhon--Bloom attribution while explicitly declining unsupported item-level provenance inferences.,not_opened; user instructed no author contact; retained for local provenance only
"[""unit.r017.book1.ch02""]",mathematics,"Direct substitution and independent LP optimum (0,22,72,30), net profit 2448.",correction.r017.ch02-rented-labor-proof,hold_until_corpus_complete,The conclusion that all 30 hours are rented is now justified within the full feasible system.,2026-08-23T00:00:00+02:00,codex-r017-o018-id-production,interlanguage.correction,0.1.0,The rented-labor explanation compares product C's gross profit per labor-hour with rent while ignoring the binding machine constraint.,applied_in_target,,"Use feasible direction delta x_2=-0.2, delta x_3=0.8: it preserves machine use, consumes one extra labor-hour, raises gross profit by 10.20, and therefore nets 1.20 after rent.",not_opened; user instructed no author contact; retained for local provenance only
"[""unit.r017.book1.ch02""]",mathematics,Independent LP replay and direct substitution into all three nutrient constraints.,correction.r017.ch02-smoothie-optima,hold_until_corpus_complete,The revised solution describes the actual optimal face rather than a single solver vertex.,2026-08-23T00:00:00+02:00,codex-r017-o018-id-production,interlanguage.correction,0.1.0,"The exercise and manual imply that (2,2,2) is the unique smoothie optimum.",applied_in_target,,"Ask whether the optimum is unique and give the full optimal family c=2, 3a+2b=10, 2<=b<=5, including (0,5,2), all at cost 5.20.",not_opened; user instructed no author contact; retained for local provenance only
"[""unit.r017.book1.ch02""]",mathematics,Independent LP/MIP replay gives base objectives 7.333... and 8; pinned notebook inventory.,correction.r017.ch02-staffing-integrality,hold_until_corpus_complete,"The mathematical model, narrative, and exact bundled notebook now agree.",2026-08-23T00:00:00+02:00,codex-r017-o018-id-production,interlanguage.correction,0.1.0,"Both staffing examples count employees but declare only continuous nonnegative variables; the base prose calls an independently solved integer plan a rounding, the extended objective is unstated, and its Gurobi link points to the base notebook.",applied_in_target,,"Declare integer nonnegative variables, distinguish LP relaxation from integer solution, state the extended employee-day objective, and point to work_scheduling_extended_gurobi.ipynb.",not_opened; user instructed no author contact; retained for local provenance only
"[""unit.r017.book1.ch02""]",terminology,Chapter 2 welding statement and model.,correction.r017.ch02-welding-semantics,hold_until_corpus_complete,No unmodeled costs are introduced and all units match the statement.,2026-08-23T00:00:00+02:00,codex-r017-o018-id-production,interlanguage.correction,0.1.0,"The welding solution calls sales revenue a purchase price, describes TAA units as hours, and labels a revenue-only objective as profit.",applied_in_target,,"Use sales revenue, distinguish TAA units from joining/cutting hours, and label the objective revenue.",not_opened; user instructed no author contact; retained for local provenance only
"[""unit.r017.book1.ch03.text""]",accessibility,Eight pinned and translated Chapter 3 figure commands.,correction.r017.ch03-caption-closure,hold_until_corpus_complete,Reader captions now identify each Solver interface state without changing the images.,2026-08-23T00:00:00+02:00,codex-r017-o018-id-production,interlanguage.correction,0.1.0,All eight source figure captions are truncated fragments ending with ellipses.,applied_in_target,,Supply complete Indonesian captions consistent with the retained screenshots and detailed alt text.,not_opened; user instructed no author contact; retained for local provenance only
"[""unit.r017.book1.ch03.solutions-manual""]",mathematics,Independent replay of the displayed linear system and objective.,correction.r017.ch03-diet-exact-value,hold_until_corpus_complete,Exact and rounded values are no longer conflated.,2026-08-23T00:00:00+02:00,codex-r017-o018-id-production,interlanguage.correction,0.1.0,The source manual describes the displayed diet cost as exactly USD 3.1677 even though the solution is not exact at four decimals.,applied_in_target,,"Give the exact rational 2407651/760055 and decimal approximation 3.1677326, while retaining 3.17 as the worksheet display value.",not_opened; user instructed no author contact; retained for local provenance only
"[""unit.r017.book1.ch03.text""]",build_localization,"References to ex:production-10period, ex:min-cost-flow-warehouses, and sec:transportation-problem in Chapter 3.",correction.r017.ch03-forward-reference-build,,The admitted partial reader remains truthful and free of unresolved references without importing untranslated material.,2026-08-23T00:00:00+02:00,codex-r017-o018-id-production,interlanguage.correction,0.1.0,A bounded through-Chapter-3 build cannot resolve three semantic references whose targets first appear in untranslated Chapter 4.,applied_in_target,,Use controller-defined semantic reference macros for the bounded reader while preserving the original labels in the eventual complete-book build.,not_upstream; bounded_build
"[""unit.r017.book1"",""unit.r017.book1.ch03.text"",""unit.r017.book1.ch03.solutions-manual""]",localization_layout,"Final source plus physical pages 86--88, 101--102, and 105 of the hash-bound cumulative reader.",correction.r017.ch03-generated-language-reflow,,"The 105-page Indonesian reader should be linguistically complete and readable without changing any equation, model, or solution relationship.",2026-08-23T00:00:00+02:00,codex-r017-o018-id-production,interlanguage.correction,0.1.0,"The initial localized build retained English mathematical qualifiers and bibliography labels, rendered URL access dates in month/day/year order, joined the generated phrase 'dengan syarat' directly to the first variable, and stranded the final lines of two solutions on near-empty pages.",applied_in_target,,"Localize the qualifiers and biblatex strings, render compact access dates in Indonesian day/month/year order through the biblatex language-extras hook, give the subject-to macro explicit math spacing, and add bounded Needspace guards before the two final Exercise 3.9 solutions.",not_upstream; locale_specific_localization_and_reflow
"[""unit.r017.book1.ch03.text""]",accessibility,Eight descriptions in four Chapter 3 form-XObject streams; Tagged=no remains explicit.,correction.r017.ch03-image-actualtext,,ActualText exposes image meaning to extraction and assistive tooling without falsely claiming a PDF/UA structure tree.,2026-08-23T00:00:00+02:00,codex-r017-o018-id-production,interlanguage.correction,0.1.0,"The untagged cumulative PDF initially carried the eight detailed screenshot descriptions only in LaTeX source, with no machine-readable image description in the PDF content.",applied_in_target,,Wrap localized alt-image calls with accsupp ActualText marked content while retaining the exact JPEG bytes and captions.,not_upstream; localized_pdf_accessibility
"[""unit.r017.book1.ch03.text""]",software_instruction,"Pinned Chapter 3 source, Solver method semantics, and translated tutorial.",correction.r017.ch03-integer-solver-method,hold_until_corpus_complete,Solver method selection now matches model structure and the book's own integer-programming explanation.,2026-08-23T00:00:00+02:00,codex-r017-o018-id-production,interlanguage.correction,0.1.0,The source assigns integer-constrained linear models to the Evolutionary method.,applied_in_target,,Use Simplex LP for linear models with int/bin constraints and explain Solver's branch-and-bound handling; reserve Evolutionary for nonsmooth or discontinuous models.,not_opened; user instructed no author contact; retained for local provenance only
"[""unit.r017.book1.ch03.interactive""]",mathematics,Independent enumeration of every binary selection in the interactive data.,correction.r017.ch03-interactive-knapsack,hold_until_corpus_complete,Exhaustive enumeration verifies this feasible optimum.,2026-08-23T00:00:00+02:00,codex-r017-o018-id-production,interlanguage.correction,0.1.0,The interactive knapsack panel reports an incorrect selected set and objective.,applied_in_target,,"Use items 1, 2, 5, and 6, binary vector (1,1,0,0,1,1), total weight 50, and total value 240.",not_opened; user instructed no author contact; retained for local provenance only
"[""unit.r017.book1.ch03.interactive""]",mathematics,"Multi-start replay gives a=5.042918318, b=0.421541759, c=0.064088222, SSE=0.002146810472, RMSE=0.020721054.",correction.r017.ch03-interactive-nlp-sheet,hold_until_corpus_complete,"The worksheet formulas, Solver target, and verified least-squares solution now agree.",2026-08-23T00:00:00+02:00,codex-r017-o018-id-production,interlanguage.correction,0.1.0,The nonlinear least-squares interactive shifts prediction and residual formulas to the wrong rows or columns and therefore reports inconsistent fit statistics.,applied_in_target,,"Use B7:B11 in predictions, (C-D)^2 in E7:E11, SUM(E7:E11) in E12, and target E12; display the independently verified parameters and SSE/RMSE.",not_opened; user instructed no author contact; retained for local provenance only
"[""unit.r017.book1.ch03.solutions-manual""]",mathematics,Independent LP sensitivity replay of Exercise 3.6.,correction.r017.ch03-shadow-price-range,hold_until_corpus_complete,A sensitivity coefficient is valid only within its allowable interval.,2026-08-23T00:00:00+02:00,codex-r017-o018-id-production,interlanguage.correction,0.1.0,The source applies the USD 5 finishing shadow price without stating its allowable right-hand-side range.,applied_in_target,,Qualify the USD 5 marginal value to the first 20 additional finishing hours and require re-solving beyond that range.,not_opened; user instructed no author contact; retained for local provenance only
"[""unit.r017.book1.ch03.text""]",mathematics_units,Chapter 3 Exercise 3.9 and its selected/manual solutions.,correction.r017.ch03-short-sale-units,hold_until_corpus_complete,The numerical decision and financial amount must use the same declared scale.,2026-08-23T00:00:00+02:00,codex-r017-o018-id-production,interlanguage.correction,0.1.0,The selected solution states that x_A=-40 is a USD 40 short position even though the exercise defines every amount in thousands of dollars.,applied_in_target,,"Render the position as USD 40,000, agreeing with x_A=-40, the exercise unit, and the complete manual.",not_opened; user instructed no author contact; retained for local provenance only
"[""unit.r017.book1.ch03.text""]",software_instruction,Pinned Chapter 3 source and Excel formula semantics.,correction.r017.ch03-solver-constraint-formula,hold_until_corpus_complete,The spreadsheet now exposes a numeric constraint expression and uses Solver for the relation.,2026-08-23T00:00:00+02:00,codex-r017-o018-id-production,interlanguage.correction,0.1.0,"The source presents =SUMPRODUCT(...) <= Capacity as a worksheet formula, which evaluates to a Boolean instead of furnishing the numeric left-hand side required by Solver.",applied_in_target,,"Put only =SUMPRODUCT(Production,Coefficients) in the worksheet cell and add the <= relation against the Capacity cell in the Solver dialog.",not_opened; user instructed no author contact; retained for local provenance only
"[""unit.r017.book1.ch03.solutions-manual""]",mathematics,Derivative domain of the square-root function.,correction.r017.ch03-sqrt-domain,hold_until_corpus_complete,The example is differentiable on the stated domain while remaining nonlinear.,2026-08-23T00:00:00+02:00,codex-r017-o018-id-production,interlanguage.correction,0.1.0,"The source gives sqrt(x_1)+sqrt(x_2) as a differentiable GRG example on the default nonnegative domain, including the nondifferentiable boundary at zero.",applied_in_target,,"Add explicit positive lower bounds x_1,x_2 >= epsilon > 0.",not_opened; user instructed no author contact; retained for local provenance only
"[""unit.r017.book1.ch03.text"",""unit.r017.book1.ch03.solutions-manual""]",mathematics,"Exercise 3.5 data table, selected solution, and manual solution.",correction.r017.ch03-transport-capacity-wording,hold_until_corpus_complete,The prose now matches the actual constraint set.,2026-08-23T00:00:00+02:00,codex-r017-o018-id-production,interlanguage.correction,0.1.0,The transportation solution narrative implies route capacities although the displayed exercise model specifies only warehouse supply and store demand.,applied_in_target,,"Explain the optimal shipment pattern using route costs, supply, and demand, and state explicitly that this model has no per-route capacities.",not_opened; user instructed no author contact; retained for local provenance only
"[""unit.r017.book1.ch04.text-b"",""unit.r017.book1.ch04.interactive""]",mathematics,"Independent maximum-flow replay, localized TikZ topology, interactive example, and Chapter 4 workbook receipt.",correction.r017.ch04-airline-maxflow-topology,hold_until_corpus_complete,The reader must be internally coherent without silently rewriting frozen operational witnesses.,2026-08-23T00:00:00+02:00,codex-r017-o018-id-production,interlanguage.correction,0.1.0,"The airline worked example's prose and topology intend an arc d->t of capacity 7 and maximum flow 12, but the source set, workbook, and notebooks encode d->e and yield 9.",applied_in_target_with_witness_divergence,,"Make the localized chapter and interactive use d->t, capacity 7, and maximum flow 12 while retaining the workbook/notebook divergence as an explicit authority witness.",not_opened; user instructed no author contact; retained for local provenance only
"[""unit.r017.book1.ch04.text-a""]",source_data_consistency,"Chapter 4 workbook localization receipt, assignment-problem-excel-id-ID.xlsx, and O018 deterministic results.",correction.r017.ch04-assignment-workbook-divergence,hold_until_corpus_complete,Recomputing a historical Solver report during localization would erase provenance; silently treating 129 as the selected assignment's cost would be false.,2026-08-23T00:00:00+02:00,codex-r017-o018-id-production,interlanguage.correction,0.1.0,"The assignment workbook's retained Solver Answer Report gives final objective 129, while its selected cells assign Person 1->Task 2, Person 2->Task 3, and Person 3->Task 1, whose costs 38+33+27 and SUMPRODUCT cell both equal 98.",recorded_authority_divergence,,"Preserve both historical workbook witnesses, disclose the divergence, and use 98 only for the explicitly selected assignment in O018.",not_opened; user instructed no author contact; retained for local provenance only
"[""unit.r017.book1.ch04.text-b"",""unit.r017.book1.ch04.interactive""]",mathematics,Chapter 4 network-flow displays and localized interactive sign-convention panel.,correction.r017.ch04-balance-sign-conventions,hold_until_corpus_complete,The conventions are both valid but must never be mixed inside one model.,2026-08-23T00:00:00+02:00,codex-r017-o018-id-production,interlanguage.correction,0.1.0,"The chapter uses both positive-supply with out-minus-in=d and positive-demand with in-minus-out=d without an explicit comparison, which can make equivalent balance equations appear contradictory.",applied_in_target,,Preserve both formulations and add a direct comparison that names each sign convention.,not_opened; user instructed no author contact; retained for local provenance only
"[""unit.r017.book1.ch04.text-a"",""unit.r017.book1.ch04.text-b""]",accessibility,Localized caption text compared node-for-node and arc-for-arc with each TikZ source.,correction.r017.ch04-caption-completion,hold_until_corpus_complete,"A caption must convey the whole instructional figure, including for nonvisual reading.",2026-08-23T00:00:00+02:00,codex-r017-o018-id-production,interlanguage.correction,0.1.0,Five source figure captions are truncated and do not describe the complete drawn topology.,applied_in_target,,"Complete the five captions from the exact TikZ nodes, arcs, directions, labels, and roles without altering the diagrams.",not_opened; user instructed no author contact; retained for local provenance only
"[""unit.r017.book1.ch04.text-b"",""unit.r017.book1.ch04.solutions-manual""]",mathematics,Direct capacity and conservation replay of Exercise 4.5.,correction.r017.ch04-ex05-flow-roles,hold_until_corpus_complete,Requiring every warehouse to ship its full inventory makes the stated network infeasible.,2026-08-23T00:00:00+02:00,codex-r017-o018-id-production,interlanguage.correction,0.1.0,"Exercise 4.5 ambiguously describes where inventory may remain, encouraging equality constraints at warehouses although conservation belongs at distribution centers and warehouse shipment is bounded above by inventory.",applied_in_target,,Use conservation equalities at distribution centers and inventory upper bounds at warehouses in both selected and manual solutions.,not_opened; user instructed no author contact; retained for local provenance only
"[""unit.r017.book1.ch04.text-b"",""unit.r017.book1.ch04.solutions-manual""]",mathematics,Independent scipy/LP replay and exact 67-cost flow recorded in the localized manual.,correction.r017.ch04-ex07-capacity,hold_until_corpus_complete,Capacity 4 is the minimal topology-consistent repair that makes the displayed data feasible and realizes the intended check value.,2026-08-23T00:00:00+02:00,codex-r017-o018-id-production,interlanguage.correction,0.1.0,"Exercise 4.7 gives arc (v2,v1) capacity 1, making the instance infeasible because v1 demands 6 but can receive at most 2+1=3; the intended check value cannot then be attained.",applied_in_target,,"Set that single capacity to 4, explain the net-demand convention, and add the independently verified minimum cost 67 in the exercise and manual.",not_opened; user instructed no author contact; retained for local provenance only
"[""unit.r017.book1.ch04.text-a"",""unit.r017.book1.ch04.text-b"",""unit.r017.book1.ch04.solutions-manual""]",mathematics,"Worked assignment table, Exercise 4.14, selected solution, and manual solution.",correction.r017.ch04-fairness-conventions,hold_until_corpus_complete,Fairness direction depends on whether larger or smaller scores are preferred.,2026-08-23T00:00:00+02:00,codex-r017-o018-id-production,interlanguage.correction,0.1.0,"The worked rank table uses lower-is-better scores and therefore a min--max objective, while Exercise 4.14 asks for a max--min objective with the opposite inequality direction; the source presentation risks conflating the two conventions.",applied_in_target,,Name both conventions explicitly and preserve the correct inequality direction for each.,not_opened; user instructed no author contact; retained for local provenance only
"[""unit.r017.book1.ch04.text-a""]",mathematics,Chapter 4 fairness derivation and independent index replay.,correction.r017.ch04-fairness-minmax-indices,hold_until_corpus_complete,The index topology must match the displayed agent-by-project table and the stated fairness criterion.,2026-08-23T00:00:00+02:00,codex-r017-o018-id-production,interlanguage.correction,0.1.0,"The min--max assignment-fairness model sums scores over agents for each project, reversing the project and agent indices required by the stated worst-agent objective.",applied_in_target,,Sum project scores for each agent and minimize the maximum resulting agent score.,not_opened; user instructed no author contact; retained for local provenance only
"[""unit.r017.book1.ch04.text-a""]",mathematics,Direct substitution into the displayed assignment constraints.,correction.r017.ch04-fractional-assignment,hold_until_corpus_complete,Both variable indices must keep the first index fixed at Team 1.,2026-08-23T00:00:00+02:00,codex-r017-o018-id-production,interlanguage.correction,0.1.0,"The fractional Team 1 illustration identifies x_11=x_21=0.5, which assigns two agents to one project rather than splitting Team 1 across the two projects.",applied_in_target,,Use x_11=x_12=0.5 for Team 1.,not_opened; user instructed no author contact; retained for local provenance only
"[""unit.r017.book1.ch04.interactive""]",interactive_code,Target JSX SHA-256 110af1e063e78a0cb26b8abd3f9df2e3201ad8b361756a38314f33d9de6a3c4b and final independent JSX audit.,correction.r017.ch04-interactive-semantics,hold_until_corpus_complete,Executable examples and explanatory prose must agree with the chapter's mathematics and library return semantics.,2026-08-23T00:00:00+02:00,codex-r017-o018-id-production,interlanguage.correction,0.1.0,"The coupled network-flow JSX contains incorrect maximum-flow, minimum-cut, and minimum-cost values; undefined ARCS snippets; a balance-sign mismatch; overbroad integrality and single-commodity claims; and a Floyd--Warshall tuple whose variable names invert predecessor and distance semantics.",applied_in_target,,Localize the interactive; correct all values and snippets; state qualified integrality and commodity claims; distinguish balance conventions; and bind predecessors before distances in the Floyd--Warshall example.,not_opened; user instructed no author contact; retained for local provenance only
"[""unit.r017.book1.ch04.text-b"",""unit.o018.lab.ch04.investment-multi-period""]",model_completeness,"Pinned example, localized qaflag, and O018 Chapter 4 results/receipt.",correction.r017.ch04-investment-model-unresolved,hold_until_corpus_complete,Changing domains or inventing cash-flow semantics would silently create a different model.,2026-08-23T00:00:00+02:00,codex-r017-o018-id-production,interlanguage.correction,0.1.0,"The multi-period investment example asks for an LP while declaring binary choices, omits an idle-cash state, and retains an upstream TODO, leaving its intended inter-period semantics underdetermined.",recorded_unresolved,,Preserve and disclose the unresolved design; mark the O018 case design_unresolved and do not fabricate an optimum or replacement data.,not_opened; user instructed no author contact; retained for local provenance only
"[""unit.r017.book1.ch04.text-b""]",mathematics,Direct flow-balance feasibility replay against the labeled TikZ graph.,correction.r017.ch04-mincost-db-arc,hold_until_corpus_complete,The corrected direction restores the intended feasible network without changing any other datum.,2026-08-23T00:00:00+02:00,codex-r017-o018-id-production,interlanguage.correction,0.1.0,"The minimum-cost-flow data list arc (b,d), while the drawing and node balances require (d,b); using (b,d) makes the displayed instance infeasible.",applied_in_target,,"Use the directed arc d->b consistently in the text, formulation, and topology.",not_opened; user instructed no author contact; retained for local provenance only
"[""unit.r017.book1.ch04.text-b"",""unit.r017.book1.ch04.interactive""]",mathematics,Direct two-commodity balance and cost replay.,correction.r017.ch04-multicommodity-topology-solution,hold_until_corpus_complete,Every displayed commodity balance and shared capacity must be feasible.,2026-08-23T00:00:00+02:00,codex-r017-o018-id-production,interlanguage.correction,0.1.0,"The multicommodity figures reverse arc 1->3 and show infeasible flow [5,5], while the stated capacities and demands admit the cheaper feasible routing of total cost 45.",applied_in_target,,"Orient 1->3 correctly and show 1->2 [10,0], 1->3 [0,5], 2->4 [10,0], and 3->4 [0,5], with cost 45.",not_opened; user instructed no author contact; retained for local provenance only
"[""unit.r017.book1.ch04.text-a"",""unit.o018.lab.ch04.production-overtime""]",model_completeness,Displayed objective and balances plus O018 Chapter 4 results/receipt.,correction.r017.ch04-overtime-missing-capacity,hold_until_corpus_complete,An open-solver adaptation cannot recover absent business parameters honestly.,2026-08-23T00:00:00+02:00,codex-r017-o018-id-production,interlanguage.correction,0.1.0,"The overtime-production extension omits regular and overtime capacity constraints, so the more expensive overtime variable is never used and no intended numerical optimum is determined.",recorded_unresolved,,State the omission explicitly; preserve the source model but mark the O018 case parameter_required instead of inventing capacity data.,not_opened; user instructed no author contact; retained for local provenance only
"[""unit.r017.book1.ch05.text""]",source_consistency,Pinned Chapter 5 example exa:FurnitureWorkshopAltOpt compared with ex:FurnitureWorkshop and the localized target.,correction.r017.ch05-alternate-objective-bound,hold_until_corpus_complete,The prose must disclose the one changed constraint that makes the displayed vertices and edge possible.,2026-08-23T00:00:00+02:00,codex-r017-o018-id-production,interlanguage.correction,0.1.0,The alternate-objective Furniture Workshop example says the constraints remain unchanged while changing the chair-demand bound from 32 to 35.,applied_in_target,,"State explicitly that the chair-demand bound is raised from 32 to 35, while preserving every displayed coefficient and the intended optimal edge.",not_opened; user instructed no author contact; retained for local provenance only
"[""unit.r017.book1.ch05.text""]",translation_terminology,"segment.r017.book1.ch05.text.block-020; qa/terminology-evidence/INDONESIAN-FIELD-TERMINOLOGY-QA.md at SHA-256 ca650f605b757a9ca3f0265555ee0bb0914f9def90012115658395f33e793a7b; field fallback Desi Analisa Nababan, UNY, 2015.",correction.r017.ch05-basic-feasible-solution-word-order,,The corrected term preserves the mathematical head 'basis' and matches the edition's Chapter 7--9 simplex terminology without imposing an unsupported corpus-wide spelling rewrite.,2026-08-23T00:00:00+02:00,codex-r017-o018-id-production,interlanguage.correction,0.1.0,"One localized Chapter 5 sentence used the malformed word order 'solusi layak dasar', inconsistent with the edition's approved translation of basic feasible solution.",applied_in_target,,Replace that single occurrence with 'solusi basis layak' and retain the field-attested historical phrase only as a retrieval variant in the glossary.,not_upstream; derivative_translation_correction
"[""unit.r017.book1.ch05.text"",""unit.r017.book1.ch05.solutions-manual"",""unit.o018.lab.ch05.ex10""]",mathematics,"Pinned exercise statement, manual qaflag, localized selected solution, and independently solved O018 case.",correction.r017.ch05-diet-rhs,hold_until_corpus_complete,The formulation must match the exercise table and stated daily requirements.,2026-08-23T00:00:00+02:00,codex-r017-o018-id-production,interlanguage.correction,0.1.0,The selected Diet solution had the two nutrient right-hand sides swapped relative to the exercise data: nutrient M requires 0.40 mg and nutrient N requires 0.30 mg.,applied_in_target,,Use >=0.40 for the M row and >=0.30 for the N row in both displayed formulations and the open-solver case.,not_opened; user instructed no author contact; retained for local provenance only
"[""unit.r017.book1.ch05.text"",""unit.r017.book1.ch05.solutions-manual"",""unit.o018.lab.ch05.ex09""]",exercise_semantics,"Pinned Exercise 5.9, its manual qaflag, and O018 deterministic classification.",correction.r017.ch05-ex09-title-objective,hold_until_corpus_complete,Retitling removes a false answer cue without changing the mathematical task.,2026-08-23T00:00:00+02:00,codex-r017-o018-id-production,interlanguage.correction,0.1.0,"Exercise 5.9 is titled as a bounded solution on an unbounded region, but max(-2x_1+x_2) is unbounded along the feasible ray (0,2+t).",applied_in_target,,"Keep the objective and constraints unchanged, use the neutral title 'Berhingga atau Tak Berbatas?', and prove unboundedness explicitly.",not_opened; user instructed no author contact; retained for local provenance only
"[""unit.r017.book1.ch05.solutions-manual"",""unit.o018.lab.ch05.ex16""]",mathematics,"Pinned manual qaflag, direct substitution, and O018 ray verification.",correction.r017.ch05-ex16-ray,hold_until_corpus_complete,The claimed unbounded ray must remain feasible.,2026-08-23T00:00:00+02:00,codex-r017-o018-id-production,interlanguage.correction,0.1.0,"Exercise 5.16(c) used direction (1,2) from (0,6), but that ray violates -x+2y<=12 for every positive parameter value.",applied_in_target,,"Use direction (2,1), so (2t,6+t) preserves -x+2y=12 and makes z=12+6t diverge.",not_opened; user instructed no author contact; retained for local provenance only
"[""unit.r017.book1.ch05.text""]",mathematics,Pinned and localized solution to exa:FurnitureWorkshopAltOpt; direct dot-product and level-set geometry.,correction.r017.ch05-gradient-normal,hold_until_corpus_complete,"A linear objective gradient is normal to its level sets, not parallel to them.",2026-08-23T00:00:00+02:00,codex-r017-o018-id-production,interlanguage.correction,0.1.0,"The alternate-optimum solution calls gradient (2,1) parallel to the constraint line 2x_1+x_2=80; it is normal to that line, while the objective level curves are parallel to it.",applied_in_target,,Describe the gradient as perpendicular to the constraint line and the objective level curves as parallel to it.,not_opened; user instructed no author contact; retained for local provenance only
"[""unit.r017.book1.ch05.text""]",localization_layout,"Rendered physical pages 138, 142, 145--147, and 156 of the final Chapter 5 cumulative reader.",correction.r017.ch05-id-reflow-figures,,The localized reader must fill the page legibly without changing the underlying diagrams or mathematics.,2026-08-23T00:00:00+02:00,codex-r017-o018-id-production,interlanguage.correction,0.1.0,Indonesian expansion made several dense TikZ labels collide or extend outside their plot frames and could orphan exercise-group headings or split the recession-direction figure sequence.,applied_in_target,,"Reposition labels, clip only plotted constraint lines, complete localized captions, and add bounded Needspace guards while preserving equations, vertices, labels, captions' mathematical claims, and instructional order.",not_upstream; locale_specific_reflow
"[""unit.r017.book1.ch05""]",localized_pdf_navigation,Final PDF catalog/outline inspection and zero mutool bad-or-missing-last-pointer diagnostics.,correction.r017.ch05-pdf-navigation,,Reader navigation must be structurally valid as well as visually correct.,2026-08-23T00:00:00+02:00,codex-r017-o018-id-production,interlanguage.correction,0.1.0,The bounded localized controller initially produced duplicate exercise outline furniture and a malformed final outline /Last pointer after Chapter 5 admission.,applied_in_target,,"Remove the duplicate localized outline insertion and rebuild until the outline tree, named destinations, and final /Last pointer validate.",not_upstream; bounded_localized_build
"[""unit.r017.book1.ch05.text"",""unit.r017.book1.ch05.solutions-manual""]",mathematics,"Pinned selected solution lines 1088--1109, localized correction, and direct substitution.",correction.r017.ch05-selected-solution-envelope,hold_until_corpus_complete,Both lower bounds on z apply simultaneously.,2026-08-23T00:00:00+02:00,codex-r017-o018-id-production,interlanguage.correction,0.1.0,"The selected solution for Exercise 5.7 writes the minimum of two affine lower bounds, whereas minimizing z subject to both inequalities requires minimizing their pointwise maximum.",applied_in_target,,"Write min_y max{2+y/2, 1-2y}; retain the intersection y=-2/5 and optimum 9/5, and verify it with the nonnegative multiplier certificate.",not_opened; user instructed no author contact; retained for local provenance only
"[""unit.r017.book1.ch05.text""]",mathematics,Direct substitution into the pinned unbounded-region model.,correction.r017.ch05-unbounded-ray-domain,hold_until_corpus_complete,Every point in a feasibility witness must satisfy all displayed constraints.,2026-08-23T00:00:00+02:00,codex-r017-o018-id-production,interlanguage.correction,0.1.0,"The unboundedness witness claims (n,0) is feasible for every positive integer n, although x_1+3x_2>=6 requires n>=6.",applied_in_target,,"Use every integer n>=6 and the corresponding objective sequence 30,35,40,... as the unbounded ray witness.",not_opened; user instructed no author contact; retained for local provenance only
"[""unit.r017.book1.ch06.text""]",accessibility,Pinned formalize-LP.tex line 685 and the localized figure caption at the same source position.,correction.r017.ch06-incomplete-caption,hold_until_corpus_complete,A visible and nonvisual caption must describe the complete instructional figure rather than preserve an unfinished placeholder.,2026-08-23T00:00:00+02:00,codex-r017-o018-id-production,interlanguage.correction,0.1.0,The final Chapter 6 TikZ figure caption ends with the unfinished fragment 'basic...'.,applied_in_target,,"Complete the Indonesian caption by identifying the feasible region, the three zero-slack lines, and the marked basic solutions, without changing the TikZ geometry or mathematical labels.",not_opened; user instructed no author contact; retained for local provenance only
"[""unit.r017.book1.ch07.text""]",layout_reflow,Pinned TikZ block near authority lines 1903--1911; final target physical page 202 and exact-byte visual audit.,correction.r017.ch07-big-m-graph-label-collisions,hold_until_corpus_complete,The mathematical graph remains complete while labels become readable without overlap.,2026-08-23T00:00:00+02:00,codex-r017-o018-id-production,interlanguage.correction,0.1.0,Inline constraint and vertex labels in the Big-M feasible-region TikZ graph collide with axis ticks and extend below the plotting area at normal reader size.,applied_in_target,,"Move constraint and vertex labels into an adjacent in-flow legend, reduce redundant tick labels, and retain every boundary, vertex, infeasible wedge, and origin marker.",not_opened; user instructed no author contact; retained for local provenance only
"[""unit.r017.book1.ch07.text""]",layout_reflow,Pinned overlay block near authority lines 1359--1379; final target physical page 194 and exact-byte visual audit.,correction.r017.ch07-final-dictionary-overlay,hold_until_corpus_complete,All annotations remain readable and structurally associated with the displayed dictionary at normal page width.,2026-08-23T00:00:00+02:00,codex-r017-o018-id-production,interlanguage.correction,0.1.0,"Overlay arrows and callout labels in the final-dictionary remark escape the remark box and collide with prose, the border, and the following subsection in the rendered reader.",applied_in_target,,"Replace the overlay with an in-flow three-row legend that preserves the objective, basis, and nonbasis annotations.",not_opened; user instructed no author contact; retained for local provenance only
"[""unit.r017.book1.ch07.text""]",incomplete_caption,Pinned simplex-basis-driven.tex authority line 1751; localized target line 1764; final page audit.,correction.r017.ch07-incomplete-pivot-caption,hold_until_corpus_complete,"A publication caption must be a complete, informative sentence and identify the endpoint already shown in the figure.",2026-08-23T00:00:00+02:00,codex-r017-o018-id-production,interlanguage.correction,0.1.0,The pinned Figure 7.5 caption ends with the unfinished phrase 'the simplex path leads to...'.,applied_in_target,,"Complete the caption by stating that the shown pivot paths lead to the optimal point (4,5), without changing the graph or mathematical content.",not_opened; user instructed no author contact; retained for local provenance only
"[""unit.r017.book1.ch08.text""]",mathematics_prose,Pinned simplex-matrix-version.tex near authority line 1084 and independent basis/reduced-cost replay.,correction.r017.ch08-nonoptimal-basis,hold_until_corpus_complete,The prose conclusion must match the displayed certificate.,2026-08-23T00:00:00+02:00,codex-r017-o018-id-production,interlanguage.correction,0.1.0,"The follow-up prose calls the basic solution (6,5) 'not necessarily optimal' even though its computed positive reduced cost supplies a strict improving move and proves it nonoptimal.",applied_in_target,,"State that (6,5) is not optimal, without changing any point, matrix, reduced cost, or objective value.",not_opened; user instructed no author contact; retained for local provenance only
"[""unit.r017.book1.ch08.text""]",exercise_semantics,Pinned simplex-matrix-version.tex near authority line 855 and independent reduced-cost replay.,correction.r017.ch08-two-candidate-optimality,hold_until_corpus_complete,The prompt must not assert the false conclusion it asks the student to determine.,2026-08-23T00:00:00+02:00,codex-r017-o018-id-production,interlanguage.correction,0.1.0,"The matrix-simplex exercise prose says the reader will verify that both candidate basic solutions (6,5) and (0,8) are optimal, although the exercise's purpose and reduced-cost calculation distinguish their optimality.",applied_in_target,,"Ask whether each candidate is optimal while preserving both points, all matrices, and the requested calculation.",not_opened; user instructed no author contact; retained for local provenance only
"[""unit.r017.book1.ch13.text""]",source_figure_metadata,Pinned multi-objective source figure geometry compared with the localized figure labels and alternative text during the final high-resolution page audit.,correction.r017.ch13.pareto-curve-axis-semantics,,Accessible text and visible labels must describe the mathematical geometry actually plotted; reversing the axes changes the meaning of every displayed point.,2026-08-23T00:00:00+02:00,codex-r017-o018-id-production,interlanguage.correction,0.1.0,"The Pareto-curve source geometry places maximum risk cost on the horizontal axis and total cost on the vertical axis, but upstream metadata and the former image ActualText described those axes in the opposite order.",applied_in_target,,Localize the visible axis labels according to the plotted geometry and replace the Indonesian ActualText with the same correct horizontal/vertical semantics.,not_opened; no author contact during production
"[""unit.r017.book1.ch15.text""]",missing_build_asset,"Pinned 00_METADATA.bib entry, absence of the authority image path, localized chapter figure reference, and successful final build file-use witness.",correction.r017.ch15.knapsack-static-asset-closure,,The figure is required for deterministic Book 1 compilation and its third-party rights must remain narrower than the repository-level content license.,2026-08-23T00:00:00+02:00,codex-r017-o018-id-production,interlanguage.correction,0.1.0,The pinned authority carries the wiki-File-knapsack metadata and an active figure reference but omits the corresponding static image file from the frozen figure directory.,applied_in_target,,Admit wiki-File-knapsack.png as an explicitly inventoried target-only static asset and retain its upstream CC BY-SA 2.5 attribution metadata.,not_opened; no author contact during production
"[""unit.r017.book1.ch01""]",build,preamble/id-ID-source-corrections.bib and localized preamble0-biblatex.tex.,correction.r017.chapter1-citation-closure,hold_until_corpus_complete,The explicit additive file closes the first-unit bibliography without mutating or misrepresenting the pinned bibliography submodule.,2026-08-23T00:00:00+02:00,codex-r017-o018-id-production,interlanguage.correction,0.1.0,Four citation keys used by pinned Chapter 1 are absent from every pinned upstream bibliography file.,applied_in_target,,"Add a separately named derivative bibliography containing source-backed records for informs2026edelman, holland2017ups, smith1992yield, and kroon2009dutch, and register it in the localized biblatex preamble.",not_opened; user instructed no author contact; retained for local provenance only
"[""unit.r017.book1.ch01""]",source_fact,"INFORMS Franz Edelman Award page, accessed 2026-08-21; citation key informs2026edelman in preamble/id-ID-source-corrections.bib.",correction.r017.edelman-benefit-total,hold_until_corpus_complete,The localized edition follows the cited primary source rather than silently reproducing the inconsistent number.,2026-08-23T00:00:00+02:00,codex-r017-o018-id-production,interlanguage.correction,0.1.0,Pinned Chapter 1 states that Franz Edelman Award finalists documented benefits exceeding USD 446 billion; the cited official INFORMS source reports USD 419 billion.,applied_in_target,,Render USD 419 billion in the Indonesian text and preserve the correction as an explicit delta.,not_opened; user instructed no author contact; retained for local provenance only
"[""unit.r017.book1.ch02""]",external_reference,Pinned Book 1 tree plus artifact.external.ooor-examples-authority-manifest at examples commit b924d2fe61ee0ba925903aba615db4f46e65b4be.,correction.r017.examples-screen-printing-links,hold_until_corpus_complete,The reader must not present dead controls as executable laboratories while the source defect remains auditable for later consolidated reporting.,2026-08-23T00:00:00+02:00,codex-r017-o018-id-production,interlanguage.correction,0.1.0,Three active screen-printing targets return 404 at the pinned examples tree and current master; three same-repository solar-shipping targets are absent from the pinned Book 1 tree.,applied_in_target,,"Disable the two broken code-button groups in the Indonesian Chapter 2 reader, preserve the mathematical examples, and render an explicit edition note instead of fabricated placeholders.",not_opened; user instructed no author contact; retained for local provenance only
"[""unit.r017.book1.introduction.text"",""unit.r017.book1.ch01""]",topology,Introduction exercise-ladder prose and Chapter 1 exercise environments at pinned source commit.,correction.r017.exercise-ladder-metadata,hold_until_corpus_complete,Avoid silently manufacturing pedagogy while preserving the observed mismatch.,2026-08-23T00:00:00+02:00,codex-r017-o018-id-production,interlanguage.correction,0.1.0,"The Introduction promises a graded exercise ladder, but Chapter 1 exposes no machine-readable level metadata.",open,,Record exercises without invented levels; add explicit level tags only after source-backed editorial review.,not_opened; user instructed no author contact; retained for local provenance only
"[""unit.r017.book1.ch01""]",accessibility,Official HTML reader and pinned Chapter 1 TeX.,correction.r017.figure-1-4-alt,hold_until_corpus_complete,The correction aligns nonvisual and visual meaning.,2026-08-23T00:00:00+02:00,codex-r017-o018-id-production,interlanguage.correction,0.1.0,The official HTML alt text for Figure 1.4 does not match the optimization-model tree shown.,applied_in_target,,Preserve and localize the more accurate source-TeX description.,not_opened; user instructed no author contact; retained for local provenance only
"[""unit.r017.book1.ch01""]",accessibility,Official HTML reader and pinned Chapter 1 TeX.,correction.r017.figure-1-6-alt,hold_until_corpus_complete,The correction adds accessibility metadata without changing mathematical content.,2026-08-23T00:00:00+02:00,codex-r017-o018-id-production,interlanguage.correction,0.1.0,The official HTML reader exposes the generic alt string 'PIC' for Figure 1.6.,applied_in_target,,Use a content-bearing Indonesian alt description in the derivative.,not_opened; user instructed no author contact; retained for local provenance only
"[""unit.r017.book1"",""unit.r017.book1.ch02""]",localization,"Final controller/shared-package sources plus PDF text, TOC, part page, box headings, and outline inspection.",correction.r017.generated-label-localization,,These are reader-facing structural strings rather than protected titles or code tokens.,2026-08-23T00:00:00+02:00,codex-r017-o018-id-production,interlanguage.correction,0.1.0,"The cumulative Indonesian reader retained three active English structural labels generated by the shared LaTeX layer: 'Linear Programming', 'Try it out visually!', and 'Case Study:'.",applied_in_target,,Localize the part title as 'Pemrograman Linear' and the shared reader labels as 'Cobalah secara visual!' and 'Studi Kasus:'.,not_upstream; locale_localization
"[""unit.r017.book1.ch01""]",layout,"Seven explicit Needspace commands plus one wrapfigure-to-figure container delta in the frozen localized Chapter 1 source, with the deterministic replay PDF/build log and all-page visual inspection.",correction.r017.id-reflow-anchor-guards,,"The guards keep each anchor with enough following content, while the normal float lets the unchanged diagram use a readable width in the Indonesian layout.",2026-08-23T00:00:00+02:00,codex-r017-o018-id-production,interlanguage.correction,0.1.0,"Indonesian reflow can strand a section or structured-box anchor at the foot of a page, and the source's narrow right-wrapped tree diagram becomes unreadable at the localized measure, even though the mathematical sequence is intact.",applied_in_target,,"Add seven localized Needspace guards before the problem-types, LP, MILP, NLP, MINLP, convex-MINLP, and robust-optimization anchors, and change the tree diagram container from wrapfigure{r}{0.34\textwidth} to a normal figure[htbp] while preserving the exact TikZ, caption, and label; change no mathematical or translatable prose content.",not_upstream; locale_specific_reflow
"[""unit.r017.book1.ch01""]",accessibility,Exact p43 font/CMap diagnosis on the predecessor PDF and zero U+0000/U+0001 in both rebuilt localized PDFs.,correction.r017.least-squares-delimiter-extraction,,The delimiter size is not mathematically significant; correct copy/extraction semantics are.,2026-08-23T00:00:00+02:00,codex-r017-o018-id-production,interlanguage.correction,0.1.0,"The large delimiter glyphs around the Chapter 1 least-squares residual use CMEX10 character codes without ToUnicode mappings, yielding U+0000/U+0001 during PDF extraction although the parentheses look correct.",applied_in_target,,"Render the same single-line squared residual with ordinary parentheses, preserving the exact expression while restoring clean Unicode extraction.",not_upstream; localized_pdf_accessibility
"[""unit.r017.book1""]",build,"qa/baseline-build/book1-main.log, software-excel.tex line 65.",correction.r017.missing-excel-solver-layout,hold_until_corpus_complete,The source baseline must remain reproducible and the derivative must not mask a missing upstream asset.,2026-08-23T00:00:00+02:00,codex-r017-o018-id-production,interlanguage.correction,0.1.0,A clean full-book LaTeX baseline stops because Figures/excel-solver-layout is referenced but absent from the pinned closure.,open,,Do not invent the missing figure; preserve the failure receipt and exclude it from the first-unit closure.,not_opened; user instructed no author contact; retained for local provenance only
"[""unit.r017.book1""]",accessibility,Final pdfinfo and XMP readback of the 47-page and 87-page localized PDFs.,correction.r017.pdf-info-metadata,,Common reader and catalog tools inspect either metadata surface; both should identify the work consistently.,2026-08-23T00:00:00+02:00,codex-r017-o018-id-production,interlanguage.correction,0.1.0,"The localized XMP stream carried the creator, but the classic PDF Info dictionary omitted Author and Keywords.",applied_in_target,,Emit Robert Hildebrand as Author and an Indonesian keyword set in both hyperref/XMP metadata and the PDF Info dictionary.,not_upstream; localized_metadata
"[""unit.r017.book1""]",accessibility,Pinned accessibility preamble.,correction.r017.pdf-tagging,hold_until_corpus_complete,Do not claim an accessible tagged PDF when the upstream build disables it.,2026-08-23T00:00:00+02:00,codex-r017-o018-id-production,interlanguage.correction,0.1.0,Tagged-PDF metadata is disabled because the source notes a tagpdf/amsmath conflict.,open,,Retain honest build disclosure and track tagged-PDF restoration separately.,not_opened; user instructed no author contact; retained for local provenance only
"[""unit.r017.book1""]",build_reproducibility,Two independent fresh Chapter 3 build directories and one fresh Chapter 4 directory match their canonical PDF hashes byte-for-byte after the bounded primitive was added.,correction.r017.pdf-trailer-id,,"Clean builds from distinct output directories must reproduce the complete PDF bytes, not merely all semantic bytes before the trailer.",2026-08-23T00:00:00+02:00,codex-r017-o018-id-production,interlanguage.correction,0.1.0,"pdfTeX seeded the PDF trailer /ID from the input filename and build start time, so two isolated clean builds differed only in the 64 hexadecimal trailer-ID digits.",applied_in_target,,"Set pdfTeX's trailer-ID seed explicitly to the frozen corpus, locale, draft date, and upstream authority commit before document-class loading.",not_upstream; derivative_build_reproducibility
"[""unit.r017.book1""]",build_reproducibility,Chapter 6 object-by-object replay isolated one XMP InstanceID plus three PTEX.FileName objects; canonical rebuild and clean replay then matched at SHA-256 63a97aaa....,correction.r017.pdf-xmp-path-determinism,,"Independent builds must reproduce XMP UUIDs, imported-XObject metadata, compressed streams, xref offsets, and final bytes exactly.",2026-08-23T00:00:00+02:00,codex-r017-o018-id-production,interlanguage.correction,0.1.0,"SOURCE_DATE_EPOCH alone does not freeze hyperxmp's InstanceID because MiKTeX still exposes live date/time primitives, and relative TEXINPUTS spellings change PTEX.FileName metadata for imported PDF XObjects.",applied_in_target,,Set FORCE_SOURCE_DATE=1 together with SOURCE_DATE_EPOCH and use the normalized absolute baseText TEXINPUTS path in deterministic build scripts.,not_upstream; derivative_build_reproducibility
"[""unit.r017.book1.preface""]",rights_provenance,Pinned and translated frontmatter/preface.tex line 28; the TODO and generic rendered acknowledgment are both preserved.,correction.r017.preface-grant-attribution,hold_until_corpus_complete; do_not_contact_during_production,The missing private wording cannot be reconstructed from the frozen public source and prevents a claim that publication attribution is fully closed.,2026-08-23T00:00:00+02:00,codex-r017-o018-id-production,interlanguage.correction,0.1.0,"The pinned preface contains an author TODO requiring an exact grant-attribution statement from a private 2026-08 email, but the statement is absent from the public authority; the rendered text contains only a generic Open Education Initiative Faculty Grant acknowledgment.",open,,"Preserve and translate the available public acknowledgment, disclose the unresolved required wording, and do not invent it or contact authors during production.",not_opened; user instructed no author contact; retained for local provenance only
