answer_id,exercise_id,hint_id,relation_id,solution_id
,unit.r017.book1.ch01.text.ex-001,,,
,unit.r017.book1.ch01.text.ex-002,,relation.solves.unit.r017.book1.ch01.text.solution-001.unit.r017.book1.ch01.text.ex-002,unit.r017.book1.ch01.text.solution-001
,unit.r017.book1.ch01.text.ex-003,,,
,unit.r017.book1.ch01.text.ex-004,,,
,unit.r017.book1.ch01.text.ex-005,,relation.solves.unit.r017.book1.ch01.text.solution-002.unit.r017.book1.ch01.text.ex-005,unit.r017.book1.ch01.text.solution-002
,unit.r017.book1.ch01.text.ex-006,,,
,unit.r017.book1.ch01.text.ex-007,,,
,unit.r017.book1.ch01.text.ex-008,,,
,unit.r017.book1.ch01.text.ex-009,,relation.solves.unit.r017.book1.ch01.text.solution-003.unit.r017.book1.ch01.text.ex-009,unit.r017.book1.ch01.text.solution-003
,unit.r017.book1.ch01.text.ex-010,,,
,unit.r017.book1.ch01.text.ex-011,,relation.o018-solves-r017-ex011,unit.o018.lab.ch01-shirt-ordering
,unit.r017.book1.ch01.text.ex-011,,relation.solves.unit.r017.book1.ch01.text.solution-004.unit.r017.book1.ch01.text.ex-011,unit.r017.book1.ch01.text.solution-004
,unit.r017.book1.ch02.text.ex-001,,relation.solves.unit.r017.book1.ch02.solutions-manual.manualsolution-001.unit.r017.book1.ch02.text.ex-001,unit.r017.book1.ch02.solutions-manual.manualsolution-001
,unit.r017.book1.ch02.text.ex-002,,relation.solves.unit.r017.book1.ch02.solutions-manual.manualsolution-002.unit.r017.book1.ch02.text.ex-002,unit.r017.book1.ch02.solutions-manual.manualsolution-002
,unit.r017.book1.ch02.text.ex-003,,relation.solves.unit.r017.book1.ch02.solutions-manual.manualsolution-003.unit.r017.book1.ch02.text.ex-003,unit.r017.book1.ch02.solutions-manual.manualsolution-003
,unit.r017.book1.ch02.text.ex-003,,relation.solves.unit.r017.book1.ch02.text.solution-015.unit.r017.book1.ch02.text.ex-003,unit.r017.book1.ch02.text.solution-015
,unit.r017.book1.ch02.text.ex-004,,relation.solves.unit.r017.book1.ch02.solutions-manual.manualsolution-004.unit.r017.book1.ch02.text.ex-004,unit.r017.book1.ch02.solutions-manual.manualsolution-004
,unit.r017.book1.ch02.text.ex-005,,relation.solves.unit.r017.book1.ch02.solutions-manual.manualsolution-005.unit.r017.book1.ch02.text.ex-005,unit.r017.book1.ch02.solutions-manual.manualsolution-005
,unit.r017.book1.ch02.text.ex-005,,relation.solves.unit.r017.book1.ch02.text.solution-011.unit.r017.book1.ch02.text.ex-005,unit.r017.book1.ch02.text.solution-011
,unit.r017.book1.ch02.text.ex-006,,relation.solves.unit.r017.book1.ch02.solutions-manual.manualsolution-006.unit.r017.book1.ch02.text.ex-006,unit.r017.book1.ch02.solutions-manual.manualsolution-006
,unit.r017.book1.ch02.text.ex-007,,relation.solves.unit.r017.book1.ch02.solutions-manual.manualsolution-007.unit.r017.book1.ch02.text.ex-007,unit.r017.book1.ch02.solutions-manual.manualsolution-007
,unit.r017.book1.ch02.text.ex-007,,relation.solves.unit.r017.book1.ch02.text.solution-013.unit.r017.book1.ch02.text.ex-007,unit.r017.book1.ch02.text.solution-013
,unit.r017.book1.ch02.text.ex-008,,relation.solves.unit.r017.book1.ch02.solutions-manual.manualsolution-008.unit.r017.book1.ch02.text.ex-008,unit.r017.book1.ch02.solutions-manual.manualsolution-008
,unit.r017.book1.ch02.text.ex-008,,relation.solves.unit.r017.book1.ch02.text.solution-014.unit.r017.book1.ch02.text.ex-008,unit.r017.book1.ch02.text.solution-014
,unit.r017.book1.ch02.text.ex-009,,relation.solves.unit.r017.book1.ch02.solutions-manual.manualsolution-009.unit.r017.book1.ch02.text.ex-009,unit.r017.book1.ch02.solutions-manual.manualsolution-009
,unit.r017.book1.ch02.text.ex-010,,relation.solves.unit.r017.book1.ch02.solutions-manual.manualsolution-010.unit.r017.book1.ch02.text.ex-010,unit.r017.book1.ch02.solutions-manual.manualsolution-010
,unit.r017.book1.ch02.text.ex-011,,relation.solves.unit.r017.book1.ch02.solutions-manual.manualsolution-011.unit.r017.book1.ch02.text.ex-011,unit.r017.book1.ch02.solutions-manual.manualsolution-011
,unit.r017.book1.ch02.text.ex-011,,relation.solves.unit.r017.book1.ch02.text.solution-012.unit.r017.book1.ch02.text.ex-011,unit.r017.book1.ch02.text.solution-012
,unit.r017.book1.ch02.text.ex-012,,relation.solves.unit.r017.book1.ch02.solutions-manual.manualsolution-012.unit.r017.book1.ch02.text.ex-012,unit.r017.book1.ch02.solutions-manual.manualsolution-012
,unit.r017.book1.ch02.text.ex-013,,relation.solves.unit.r017.book1.ch02.solutions-manual.manualsolution-013.unit.r017.book1.ch02.text.ex-013,unit.r017.book1.ch02.solutions-manual.manualsolution-013
,unit.r017.book1.ch02.text.ex-014,,relation.solves.unit.r017.book1.ch02.solutions-manual.manualsolution-014.unit.r017.book1.ch02.text.ex-014,unit.r017.book1.ch02.solutions-manual.manualsolution-014
,unit.r017.book1.ch02.text.ex-014,,relation.solves.unit.r017.book1.ch02.text.solution-016.unit.r017.book1.ch02.text.ex-014,unit.r017.book1.ch02.text.solution-016
,unit.r017.book1.ch03.text.ex-001,,relation.o018-ch03-ex01-solves,unit.o018.lab.ch03.ex01
,unit.r017.book1.ch03.text.ex-001,,relation.solves.unit.r017.book1.ch03.solutions-manual.manualsolution-001.unit.r017.book1.ch03.text.ex-001,unit.r017.book1.ch03.solutions-manual.manualsolution-001
,unit.r017.book1.ch03.text.ex-002,,relation.o018-ch03-ex02-solves,unit.o018.lab.ch03.ex02
,unit.r017.book1.ch03.text.ex-002,,relation.solves.unit.r017.book1.ch03.solutions-manual.manualsolution-002.unit.r017.book1.ch03.text.ex-002,unit.r017.book1.ch03.solutions-manual.manualsolution-002
,unit.r017.book1.ch03.text.ex-003,,relation.o018-ch03-ex03-solves,unit.o018.lab.ch03.ex03
,unit.r017.book1.ch03.text.ex-003,,relation.solves.unit.r017.book1.ch03.solutions-manual.manualsolution-003.unit.r017.book1.ch03.text.ex-003,unit.r017.book1.ch03.solutions-manual.manualsolution-003
,unit.r017.book1.ch03.text.ex-004,,relation.o018-ch03-ex04-solves,unit.o018.lab.ch03.ex04
,unit.r017.book1.ch03.text.ex-004,,relation.solves.unit.r017.book1.ch03.solutions-manual.manualsolution-004.unit.r017.book1.ch03.text.ex-004,unit.r017.book1.ch03.solutions-manual.manualsolution-004
,unit.r017.book1.ch03.text.ex-004,,relation.solves.unit.r017.book1.ch03.text.solution-001.unit.r017.book1.ch03.text.ex-004,unit.r017.book1.ch03.text.solution-001
,unit.r017.book1.ch03.text.ex-005,,relation.o018-ch03-ex05-solves,unit.o018.lab.ch03.ex05
,unit.r017.book1.ch03.text.ex-005,,relation.solves.unit.r017.book1.ch03.solutions-manual.manualsolution-005.unit.r017.book1.ch03.text.ex-005,unit.r017.book1.ch03.solutions-manual.manualsolution-005
,unit.r017.book1.ch03.text.ex-005,,relation.solves.unit.r017.book1.ch03.text.solution-002.unit.r017.book1.ch03.text.ex-005,unit.r017.book1.ch03.text.solution-002
,unit.r017.book1.ch03.text.ex-006,,relation.o018-ch03-ex06-solves,unit.o018.lab.ch03.ex06
,unit.r017.book1.ch03.text.ex-006,,relation.solves.unit.r017.book1.ch03.solutions-manual.manualsolution-006.unit.r017.book1.ch03.text.ex-006,unit.r017.book1.ch03.solutions-manual.manualsolution-006
,unit.r017.book1.ch03.text.ex-007,,relation.o018-ch03-ex07-solves,unit.o018.lab.ch03.ex07
,unit.r017.book1.ch03.text.ex-007,,relation.solves.unit.r017.book1.ch03.solutions-manual.manualsolution-007.unit.r017.book1.ch03.text.ex-007,unit.r017.book1.ch03.solutions-manual.manualsolution-007
,unit.r017.book1.ch03.text.ex-008,,relation.o018-ch03-ex08-solves,unit.o018.lab.ch03.ex08
,unit.r017.book1.ch03.text.ex-008,,relation.solves.unit.r017.book1.ch03.solutions-manual.manualsolution-008.unit.r017.book1.ch03.text.ex-008,unit.r017.book1.ch03.solutions-manual.manualsolution-008
,unit.r017.book1.ch03.text.ex-009,,relation.o018-ch03-ex09-solves,unit.o018.lab.ch03.ex09
,unit.r017.book1.ch03.text.ex-009,,relation.solves.unit.r017.book1.ch03.solutions-manual.manualsolution-009.unit.r017.book1.ch03.text.ex-009,unit.r017.book1.ch03.solutions-manual.manualsolution-009
,unit.r017.book1.ch03.text.ex-009,,relation.solves.unit.r017.book1.ch03.text.solution-003.unit.r017.book1.ch03.text.ex-009,unit.r017.book1.ch03.text.solution-003
,unit.r017.book1.ch04.text-b.ex-001,,relation.solves.unit.r017.book1.ch04.solutions-manual.manualsolution-001.unit.r017.book1.ch04.text-b.ex-001,unit.r017.book1.ch04.solutions-manual.manualsolution-001
,unit.r017.book1.ch04.text-b.ex-002,,relation.solves.unit.r017.book1.ch04.solutions-manual.manualsolution-002.unit.r017.book1.ch04.text-b.ex-002,unit.r017.book1.ch04.solutions-manual.manualsolution-002
,unit.r017.book1.ch04.text-b.ex-002,,relation.solves.unit.r017.book1.ch04.text-b.solution-002.unit.r017.book1.ch04.text-b.ex-002,unit.r017.book1.ch04.text-b.solution-002
,unit.r017.book1.ch04.text-b.ex-003,,relation.solves.unit.r017.book1.ch04.solutions-manual.manualsolution-003.unit.r017.book1.ch04.text-b.ex-003,unit.r017.book1.ch04.solutions-manual.manualsolution-003
,unit.r017.book1.ch04.text-b.ex-004,,relation.solves.unit.r017.book1.ch04.solutions-manual.manualsolution-004.unit.r017.book1.ch04.text-b.ex-004,unit.r017.book1.ch04.solutions-manual.manualsolution-004
,unit.r017.book1.ch04.text-b.ex-005,,relation.solves.unit.r017.book1.ch04.solutions-manual.manualsolution-005.unit.r017.book1.ch04.text-b.ex-005,unit.r017.book1.ch04.solutions-manual.manualsolution-005
,unit.r017.book1.ch04.text-b.ex-005,,relation.solves.unit.r017.book1.ch04.text-b.solution-003.unit.r017.book1.ch04.text-b.ex-005,unit.r017.book1.ch04.text-b.solution-003
,unit.r017.book1.ch04.text-b.ex-006,,relation.solves.unit.r017.book1.ch04.solutions-manual.manualsolution-006.unit.r017.book1.ch04.text-b.ex-006,unit.r017.book1.ch04.solutions-manual.manualsolution-006
,unit.r017.book1.ch04.text-b.ex-006,,relation.solves.unit.r017.book1.ch04.text-b.solution-004.unit.r017.book1.ch04.text-b.ex-006,unit.r017.book1.ch04.text-b.solution-004
,unit.r017.book1.ch04.text-b.ex-007,,relation.solves.unit.r017.book1.ch04.solutions-manual.manualsolution-007.unit.r017.book1.ch04.text-b.ex-007,unit.r017.book1.ch04.solutions-manual.manualsolution-007
,unit.r017.book1.ch04.text-b.ex-008,,relation.solves.unit.r017.book1.ch04.solutions-manual.manualsolution-008.unit.r017.book1.ch04.text-b.ex-008,unit.r017.book1.ch04.solutions-manual.manualsolution-008
,unit.r017.book1.ch04.text-b.ex-008,,relation.solves.unit.r017.book1.ch04.text-b.solution-005.unit.r017.book1.ch04.text-b.ex-008,unit.r017.book1.ch04.text-b.solution-005
,unit.r017.book1.ch04.text-b.ex-009,,relation.solves.unit.r017.book1.ch04.solutions-manual.manualsolution-009.unit.r017.book1.ch04.text-b.ex-009,unit.r017.book1.ch04.solutions-manual.manualsolution-009
,unit.r017.book1.ch04.text-b.ex-010,,relation.solves.unit.r017.book1.ch04.solutions-manual.manualsolution-010.unit.r017.book1.ch04.text-b.ex-010,unit.r017.book1.ch04.solutions-manual.manualsolution-010
,unit.r017.book1.ch04.text-b.ex-011,,relation.solves.unit.r017.book1.ch04.solutions-manual.manualsolution-011.unit.r017.book1.ch04.text-b.ex-011,unit.r017.book1.ch04.solutions-manual.manualsolution-011
,unit.r017.book1.ch04.text-b.ex-012,,relation.solves.unit.r017.book1.ch04.solutions-manual.manualsolution-012.unit.r017.book1.ch04.text-b.ex-012,unit.r017.book1.ch04.solutions-manual.manualsolution-012
,unit.r017.book1.ch04.text-b.ex-013,,relation.solves.unit.r017.book1.ch04.solutions-manual.manualsolution-013.unit.r017.book1.ch04.text-b.ex-013,unit.r017.book1.ch04.solutions-manual.manualsolution-013
,unit.r017.book1.ch04.text-b.ex-014,,relation.solves.unit.r017.book1.ch04.solutions-manual.manualsolution-014.unit.r017.book1.ch04.text-b.ex-014,unit.r017.book1.ch04.solutions-manual.manualsolution-014
,unit.r017.book1.ch04.text-b.ex-014,,relation.solves.unit.r017.book1.ch04.text-b.solution-006.unit.r017.book1.ch04.text-b.ex-014,unit.r017.book1.ch04.text-b.solution-006
,unit.r017.book1.ch05.text.ex-001,,relation.o018-ch05-ex01-solves,unit.o018.lab.ch05.ex01
,unit.r017.book1.ch05.text.ex-001,,relation.solves.unit.r017.book1.ch05.solutions-manual.manualsolution-001.unit.r017.book1.ch05.text.ex-001,unit.r017.book1.ch05.solutions-manual.manualsolution-001
,unit.r017.book1.ch05.text.ex-002,,relation.o018-ch05-ex02-solves,unit.o018.lab.ch05.ex02
,unit.r017.book1.ch05.text.ex-002,,relation.solves.unit.r017.book1.ch05.solutions-manual.manualsolution-002.unit.r017.book1.ch05.text.ex-002,unit.r017.book1.ch05.solutions-manual.manualsolution-002
,unit.r017.book1.ch05.text.ex-002,,relation.solves.unit.r017.book1.ch05.text.solution-010.unit.r017.book1.ch05.text.ex-002,unit.r017.book1.ch05.text.solution-010
,unit.r017.book1.ch05.text.ex-003,,relation.o018-ch05-ex03-solves,unit.o018.lab.ch05.ex03
,unit.r017.book1.ch05.text.ex-003,,relation.solves.unit.r017.book1.ch05.solutions-manual.manualsolution-003.unit.r017.book1.ch05.text.ex-003,unit.r017.book1.ch05.solutions-manual.manualsolution-003
,unit.r017.book1.ch05.text.ex-003,,relation.solves.unit.r017.book1.ch05.text.solution-008.unit.r017.book1.ch05.text.ex-003,unit.r017.book1.ch05.text.solution-008
,unit.r017.book1.ch05.text.ex-004,,relation.o018-ch05-ex04-solves,unit.o018.lab.ch05.ex04
,unit.r017.book1.ch05.text.ex-004,,relation.solves.unit.r017.book1.ch05.solutions-manual.manualsolution-004.unit.r017.book1.ch05.text.ex-004,unit.r017.book1.ch05.solutions-manual.manualsolution-004
,unit.r017.book1.ch05.text.ex-005,,relation.o018-ch05-ex05-solves,unit.o018.lab.ch05.ex05
,unit.r017.book1.ch05.text.ex-005,,relation.solves.unit.r017.book1.ch05.solutions-manual.manualsolution-005.unit.r017.book1.ch05.text.ex-005,unit.r017.book1.ch05.solutions-manual.manualsolution-005
,unit.r017.book1.ch05.text.ex-006,,relation.o018-ch05-ex06-solves,unit.o018.lab.ch05.ex06
,unit.r017.book1.ch05.text.ex-006,,relation.solves.unit.r017.book1.ch05.solutions-manual.manualsolution-006.unit.r017.book1.ch05.text.ex-006,unit.r017.book1.ch05.solutions-manual.manualsolution-006
,unit.r017.book1.ch05.text.ex-006,,relation.solves.unit.r017.book1.ch05.text.solution-009.unit.r017.book1.ch05.text.ex-006,unit.r017.book1.ch05.text.solution-009
,unit.r017.book1.ch05.text.ex-007,,relation.o018-ch05-ex07-solves,unit.o018.lab.ch05.ex07
,unit.r017.book1.ch05.text.ex-007,,relation.solves.unit.r017.book1.ch05.solutions-manual.manualsolution-007.unit.r017.book1.ch05.text.ex-007,unit.r017.book1.ch05.solutions-manual.manualsolution-007
,unit.r017.book1.ch05.text.ex-007,,relation.solves.unit.r017.book1.ch05.text.solution-011.unit.r017.book1.ch05.text.ex-007,unit.r017.book1.ch05.text.solution-011
,unit.r017.book1.ch05.text.ex-008,,relation.o018-ch05-ex08-solves,unit.o018.lab.ch05.ex08
,unit.r017.book1.ch05.text.ex-008,,relation.solves.unit.r017.book1.ch05.solutions-manual.manualsolution-008.unit.r017.book1.ch05.text.ex-008,unit.r017.book1.ch05.solutions-manual.manualsolution-008
,unit.r017.book1.ch05.text.ex-008,,relation.solves.unit.r017.book1.ch05.text.solution-012.unit.r017.book1.ch05.text.ex-008,unit.r017.book1.ch05.text.solution-012
,unit.r017.book1.ch05.text.ex-009,,relation.o018-ch05-ex09-solves,unit.o018.lab.ch05.ex09
,unit.r017.book1.ch05.text.ex-009,,relation.solves.unit.r017.book1.ch05.solutions-manual.manualsolution-009.unit.r017.book1.ch05.text.ex-009,unit.r017.book1.ch05.solutions-manual.manualsolution-009
,unit.r017.book1.ch05.text.ex-010,,relation.o018-ch05-ex10-solves,unit.o018.lab.ch05.ex10
,unit.r017.book1.ch05.text.ex-010,,relation.solves.unit.r017.book1.ch05.solutions-manual.manualsolution-010.unit.r017.book1.ch05.text.ex-010,unit.r017.book1.ch05.solutions-manual.manualsolution-010
,unit.r017.book1.ch05.text.ex-010,,relation.solves.unit.r017.book1.ch05.text.solution-013.unit.r017.book1.ch05.text.ex-010,unit.r017.book1.ch05.text.solution-013
,unit.r017.book1.ch05.text.ex-011,,relation.solves.unit.r017.book1.ch05.solutions-manual.manualsolution-011.unit.r017.book1.ch05.text.ex-011,unit.r017.book1.ch05.solutions-manual.manualsolution-011
,unit.r017.book1.ch05.text.ex-012,,relation.o018-ch05-ex12-solves,unit.o018.lab.ch05.ex12
,unit.r017.book1.ch05.text.ex-012,,relation.solves.unit.r017.book1.ch05.solutions-manual.manualsolution-012.unit.r017.book1.ch05.text.ex-012,unit.r017.book1.ch05.solutions-manual.manualsolution-012
,unit.r017.book1.ch05.text.ex-013,,relation.o018-ch05-ex13-solves,unit.o018.lab.ch05.ex13
,unit.r017.book1.ch05.text.ex-013,,relation.solves.unit.r017.book1.ch05.solutions-manual.manualsolution-013.unit.r017.book1.ch05.text.ex-013,unit.r017.book1.ch05.solutions-manual.manualsolution-013
,unit.r017.book1.ch05.text.ex-014,,relation.o018-ch05-ex14-solves,unit.o018.lab.ch05.ex14
,unit.r017.book1.ch05.text.ex-014,,relation.solves.unit.r017.book1.ch05.solutions-manual.manualsolution-014.unit.r017.book1.ch05.text.ex-014,unit.r017.book1.ch05.solutions-manual.manualsolution-014
,unit.r017.book1.ch05.text.ex-015,,relation.o018-ch05-ex15-solves,unit.o018.lab.ch05.ex15
,unit.r017.book1.ch05.text.ex-015,,relation.solves.unit.r017.book1.ch05.solutions-manual.manualsolution-015.unit.r017.book1.ch05.text.ex-015,unit.r017.book1.ch05.solutions-manual.manualsolution-015
,unit.r017.book1.ch05.text.ex-016,,relation.o018-ch05-ex16-solves,unit.o018.lab.ch05.ex16
,unit.r017.book1.ch05.text.ex-016,,relation.solves.unit.r017.book1.ch05.solutions-manual.manualsolution-016.unit.r017.book1.ch05.text.ex-016,unit.r017.book1.ch05.solutions-manual.manualsolution-016
,unit.r017.book1.ch05.text.ex-017,,relation.o018-ch05-ex17-solves,unit.o018.lab.ch05.ex17
,unit.r017.book1.ch05.text.ex-017,,relation.solves.unit.r017.book1.ch05.solutions-manual.manualsolution-017.unit.r017.book1.ch05.text.ex-017,unit.r017.book1.ch05.solutions-manual.manualsolution-017
,unit.r017.book1.ch06.text.ex-001,,relation.o018-ch06-ex01-solves,unit.o018.lab.ch06.ex01
,unit.r017.book1.ch06.text.ex-001,,relation.solves.unit.r017.book1.ch06.solutions-manual.manualsolution-001.unit.r017.book1.ch06.text.ex-001,unit.r017.book1.ch06.solutions-manual.manualsolution-001
,unit.r017.book1.ch06.text.ex-001,,relation.solves.unit.r017.book1.ch06.text.solution-001.unit.r017.book1.ch06.text.ex-001,unit.r017.book1.ch06.text.solution-001
,unit.r017.book1.ch06.text.ex-002,,relation.o018-ch06-ex02-solves,unit.o018.lab.ch06.ex02
,unit.r017.book1.ch06.text.ex-002,,relation.solves.unit.r017.book1.ch06.solutions-manual.manualsolution-002.unit.r017.book1.ch06.text.ex-002,unit.r017.book1.ch06.solutions-manual.manualsolution-002
,unit.r017.book1.ch06.text.ex-003,,relation.o018-ch06-ex03-solves,unit.o018.lab.ch06.ex03
,unit.r017.book1.ch06.text.ex-003,,relation.solves.unit.r017.book1.ch06.solutions-manual.manualsolution-003.unit.r017.book1.ch06.text.ex-003,unit.r017.book1.ch06.solutions-manual.manualsolution-003
,unit.r017.book1.ch06.text.ex-004,,relation.o018-ch06-ex04-solves,unit.o018.lab.ch06.ex04
,unit.r017.book1.ch06.text.ex-004,,relation.solves.unit.r017.book1.ch06.solutions-manual.manualsolution-004.unit.r017.book1.ch06.text.ex-004,unit.r017.book1.ch06.solutions-manual.manualsolution-004
,unit.r017.book1.ch06.text.ex-005,,relation.o018-ch06-ex05-solves,unit.o018.lab.ch06.ex05
,unit.r017.book1.ch06.text.ex-005,,relation.solves.unit.r017.book1.ch06.solutions-manual.manualsolution-005.unit.r017.book1.ch06.text.ex-005,unit.r017.book1.ch06.solutions-manual.manualsolution-005
,unit.r017.book1.ch06.text.ex-006,,relation.o018-ch06-ex06-solves,unit.o018.lab.ch06.ex06
,unit.r017.book1.ch06.text.ex-006,,relation.solves.unit.r017.book1.ch06.solutions-manual.manualsolution-006.unit.r017.book1.ch06.text.ex-006,unit.r017.book1.ch06.solutions-manual.manualsolution-006
,unit.r017.book1.ch06.text.ex-006,,relation.solves.unit.r017.book1.ch06.text.solution-002.unit.r017.book1.ch06.text.ex-006,unit.r017.book1.ch06.text.solution-002
,unit.r017.book1.ch06.text.ex-007,,relation.o018-ch06-ex07-solves,unit.o018.lab.ch06.ex07
,unit.r017.book1.ch06.text.ex-007,,relation.solves.unit.r017.book1.ch06.solutions-manual.manualsolution-007.unit.r017.book1.ch06.text.ex-007,unit.r017.book1.ch06.solutions-manual.manualsolution-007
,unit.r017.book1.ch06.text.ex-008,,relation.o018-ch06-ex08-solves,unit.o018.lab.ch06.ex08
,unit.r017.book1.ch06.text.ex-008,,relation.solves.unit.r017.book1.ch06.solutions-manual.manualsolution-008.unit.r017.book1.ch06.text.ex-008,unit.r017.book1.ch06.solutions-manual.manualsolution-008
,unit.r017.book1.ch06.text.ex-009,,relation.o018-ch06-ex09-solves,unit.o018.lab.ch06.ex09
,unit.r017.book1.ch06.text.ex-009,,relation.solves.unit.r017.book1.ch06.solutions-manual.manualsolution-009.unit.r017.book1.ch06.text.ex-009,unit.r017.book1.ch06.solutions-manual.manualsolution-009
,unit.r017.book1.ch06.text.ex-009,,relation.solves.unit.r017.book1.ch06.text.solution-003.unit.r017.book1.ch06.text.ex-009,unit.r017.book1.ch06.text.solution-003
,unit.r017.book1.ch06.text.ex-010,,relation.o018-ch06-ex10-solves,unit.o018.lab.ch06.ex10
,unit.r017.book1.ch06.text.ex-010,,relation.solves.unit.r017.book1.ch06.solutions-manual.manualsolution-010.unit.r017.book1.ch06.text.ex-010,unit.r017.book1.ch06.solutions-manual.manualsolution-010
,unit.r017.book1.ch06.text.ex-010,,relation.solves.unit.r017.book1.ch06.text.solution-004.unit.r017.book1.ch06.text.ex-010,unit.r017.book1.ch06.text.solution-004
,unit.r017.book1.ch06.text.ex-011,,relation.o018-ch06-ex11-solves,unit.o018.lab.ch06.ex11
,unit.r017.book1.ch06.text.ex-011,,relation.solves.unit.r017.book1.ch06.solutions-manual.manualsolution-011.unit.r017.book1.ch06.text.ex-011,unit.r017.book1.ch06.solutions-manual.manualsolution-011
,unit.r017.book1.ch06.text.ex-012,,relation.o018-ch06-ex12-solves,unit.o018.lab.ch06.ex12
,unit.r017.book1.ch06.text.ex-012,,relation.solves.unit.r017.book1.ch06.solutions-manual.manualsolution-012.unit.r017.book1.ch06.text.ex-012,unit.r017.book1.ch06.solutions-manual.manualsolution-012
,unit.r017.book1.ch07.text.ex-001,,relation.o018-simplex-ex07-01-solves,unit.o018.lab.simplex.ex07-01
,unit.r017.book1.ch07.text.ex-001,,relation.solves.unit.r017.book1.ch07.solutions-manual.manualsolution-001.unit.r017.book1.ch07.text.ex-001,unit.r017.book1.ch07.solutions-manual.manualsolution-001
,unit.r017.book1.ch07.text.ex-002,,relation.o018-simplex-ex07-02-solves,unit.o018.lab.simplex.ex07-02
,unit.r017.book1.ch07.text.ex-002,,relation.solves.unit.r017.book1.ch07.solutions-manual.manualsolution-002.unit.r017.book1.ch07.text.ex-002,unit.r017.book1.ch07.solutions-manual.manualsolution-002
,unit.r017.book1.ch07.text.ex-003,,relation.o018-simplex-ex07-03-solves,unit.o018.lab.simplex.ex07-03
,unit.r017.book1.ch07.text.ex-003,,relation.solves.unit.r017.book1.ch07.solutions-manual.manualsolution-003.unit.r017.book1.ch07.text.ex-003,unit.r017.book1.ch07.solutions-manual.manualsolution-003
,unit.r017.book1.ch07.text.ex-004,,relation.o018-simplex-ex07-04-solves,unit.o018.lab.simplex.ex07-04
,unit.r017.book1.ch07.text.ex-004,,relation.solves.unit.r017.book1.ch07.solutions-manual.manualsolution-004.unit.r017.book1.ch07.text.ex-004,unit.r017.book1.ch07.solutions-manual.manualsolution-004
,unit.r017.book1.ch07.text.ex-005,,relation.o018-simplex-ex07-05-solves,unit.o018.lab.simplex.ex07-05
,unit.r017.book1.ch07.text.ex-005,,relation.solves.unit.r017.book1.ch07.solutions-manual.manualsolution-005.unit.r017.book1.ch07.text.ex-005,unit.r017.book1.ch07.solutions-manual.manualsolution-005
,unit.r017.book1.ch07.text.ex-005,,relation.solves.unit.r017.book1.ch07.text.solution-001.unit.r017.book1.ch07.text.ex-005,unit.r017.book1.ch07.text.solution-001
,unit.r017.book1.ch07.text.ex-006,,relation.o018-simplex-ex07-06-solves,unit.o018.lab.simplex.ex07-06
,unit.r017.book1.ch07.text.ex-006,,relation.solves.unit.r017.book1.ch07.solutions-manual.manualsolution-006.unit.r017.book1.ch07.text.ex-006,unit.r017.book1.ch07.solutions-manual.manualsolution-006
,unit.r017.book1.ch07.text.ex-006,,relation.solves.unit.r017.book1.ch07.text.solution-002.unit.r017.book1.ch07.text.ex-006,unit.r017.book1.ch07.text.solution-002
,unit.r017.book1.ch07.text.ex-007,,relation.o018-simplex-ex07-07-solves,unit.o018.lab.simplex.ex07-07
,unit.r017.book1.ch07.text.ex-007,,relation.solves.unit.r017.book1.ch07.solutions-manual.manualsolution-007.unit.r017.book1.ch07.text.ex-007,unit.r017.book1.ch07.solutions-manual.manualsolution-007
,unit.r017.book1.ch07.text.ex-007,,relation.solves.unit.r017.book1.ch07.text.solution-003.unit.r017.book1.ch07.text.ex-007,unit.r017.book1.ch07.text.solution-003
,unit.r017.book1.ch07.text.ex-008,,relation.o018-simplex-ex07-08-solves,unit.o018.lab.simplex.ex07-08
,unit.r017.book1.ch07.text.ex-008,,relation.solves.unit.r017.book1.ch07.solutions-manual.manualsolution-008.unit.r017.book1.ch07.text.ex-008,unit.r017.book1.ch07.solutions-manual.manualsolution-008
,unit.r017.book1.ch07.text.ex-008,,relation.solves.unit.r017.book1.ch07.text.solution-004.unit.r017.book1.ch07.text.ex-008,unit.r017.book1.ch07.text.solution-004
,unit.r017.book1.ch07.text.ex-009,,relation.o018-simplex-ex07-09-solves,unit.o018.lab.simplex.ex07-09
,unit.r017.book1.ch07.text.ex-009,,relation.solves.unit.r017.book1.ch07.solutions-manual.manualsolution-009.unit.r017.book1.ch07.text.ex-009,unit.r017.book1.ch07.solutions-manual.manualsolution-009
,unit.r017.book1.ch07.text.ex-009,,relation.solves.unit.r017.book1.ch07.text.solution-005.unit.r017.book1.ch07.text.ex-009,unit.r017.book1.ch07.text.solution-005
,unit.r017.book1.ch07.text.ex-010,,relation.o018-simplex-ex07-10-solves,unit.o018.lab.simplex.ex07-10
,unit.r017.book1.ch07.text.ex-010,,relation.solves.unit.r017.book1.ch07.solutions-manual.manualsolution-010.unit.r017.book1.ch07.text.ex-010,unit.r017.book1.ch07.solutions-manual.manualsolution-010
,unit.r017.book1.ch07.text.ex-011,,relation.o018-simplex-ex07-11-solves,unit.o018.lab.simplex.ex07-11
,unit.r017.book1.ch07.text.ex-011,,relation.solves.unit.r017.book1.ch07.solutions-manual.manualsolution-011.unit.r017.book1.ch07.text.ex-011,unit.r017.book1.ch07.solutions-manual.manualsolution-011
,unit.r017.book1.ch07.text.ex-012,,relation.o018-simplex-ex07-12-solves,unit.o018.lab.simplex.ex07-12
,unit.r017.book1.ch07.text.ex-012,,relation.solves.unit.r017.book1.ch07.solutions-manual.manualsolution-012.unit.r017.book1.ch07.text.ex-012,unit.r017.book1.ch07.solutions-manual.manualsolution-012
,unit.r017.book1.ch07.text.ex-013,,relation.o018-simplex-ex07-13-solves,unit.o018.lab.simplex.ex07-13
,unit.r017.book1.ch07.text.ex-013,,relation.solves.unit.r017.book1.ch07.solutions-manual.manualsolution-013.unit.r017.book1.ch07.text.ex-013,unit.r017.book1.ch07.solutions-manual.manualsolution-013
,unit.r017.book1.ch07.text.ex-014,,relation.o018-simplex-ex07-14-solves,unit.o018.lab.simplex.ex07-14
,unit.r017.book1.ch07.text.ex-014,,relation.solves.unit.r017.book1.ch07.solutions-manual.manualsolution-014.unit.r017.book1.ch07.text.ex-014,unit.r017.book1.ch07.solutions-manual.manualsolution-014
,unit.r017.book1.ch07.text.ex-014,,relation.solves.unit.r017.book1.ch07.text.solution-006.unit.r017.book1.ch07.text.ex-014,unit.r017.book1.ch07.text.solution-006
,unit.r017.book1.ch07.text.ex-015,,relation.o018-simplex-ex07-15-solves,unit.o018.lab.simplex.ex07-15
,unit.r017.book1.ch07.text.ex-015,,relation.solves.unit.r017.book1.ch07.solutions-manual.manualsolution-015.unit.r017.book1.ch07.text.ex-015,unit.r017.book1.ch07.solutions-manual.manualsolution-015
,unit.r017.book1.ch07.text.ex-016,,relation.o018-simplex-ex07-16-solves,unit.o018.lab.simplex.ex07-16
,unit.r017.book1.ch07.text.ex-016,,relation.solves.unit.r017.book1.ch07.solutions-manual.manualsolution-016.unit.r017.book1.ch07.text.ex-016,unit.r017.book1.ch07.solutions-manual.manualsolution-016
,unit.r017.book1.ch07.text.ex-017,,relation.o018-simplex-ex07-17-solves,unit.o018.lab.simplex.ex07-17
,unit.r017.book1.ch07.text.ex-017,,relation.solves.unit.r017.book1.ch07.solutions-manual.manualsolution-017.unit.r017.book1.ch07.text.ex-017,unit.r017.book1.ch07.solutions-manual.manualsolution-017
,unit.r017.book1.ch07.text.ex-017,,relation.solves.unit.r017.book1.ch07.text.solution-007.unit.r017.book1.ch07.text.ex-017,unit.r017.book1.ch07.text.solution-007
,unit.r017.book1.ch08.text.ex-001,,relation.o018-simplex-ex08-01-solves,unit.o018.lab.simplex.ex08-01
,unit.r017.book1.ch08.text.ex-001,,relation.solves.unit.r017.book1.ch08.solutions-manual.manualsolution-001.unit.r017.book1.ch08.text.ex-001,unit.r017.book1.ch08.solutions-manual.manualsolution-001
,unit.r017.book1.ch08.text.ex-001,,relation.solves.unit.r017.book1.ch08.text.solution-002.unit.r017.book1.ch08.text.ex-001,unit.r017.book1.ch08.text.solution-002
,unit.r017.book1.ch08.text.ex-002,,relation.o018-simplex-ex08-02-solves,unit.o018.lab.simplex.ex08-02
,unit.r017.book1.ch08.text.ex-002,,relation.solves.unit.r017.book1.ch08.solutions-manual.manualsolution-002.unit.r017.book1.ch08.text.ex-002,unit.r017.book1.ch08.solutions-manual.manualsolution-002
,unit.r017.book1.ch08.text.ex-003,,relation.o018-simplex-ex08-03-solves,unit.o018.lab.simplex.ex08-03
,unit.r017.book1.ch08.text.ex-003,,relation.solves.unit.r017.book1.ch08.solutions-manual.manualsolution-003.unit.r017.book1.ch08.text.ex-003,unit.r017.book1.ch08.solutions-manual.manualsolution-003
,unit.r017.book1.ch08.text.ex-004,,relation.o018-simplex-ex08-04-solves,unit.o018.lab.simplex.ex08-04
,unit.r017.book1.ch08.text.ex-004,,relation.solves.unit.r017.book1.ch08.solutions-manual.manualsolution-004.unit.r017.book1.ch08.text.ex-004,unit.r017.book1.ch08.solutions-manual.manualsolution-004
,unit.r017.book1.ch08.text.ex-004,,relation.solves.unit.r017.book1.ch08.text.solution-003.unit.r017.book1.ch08.text.ex-004,unit.r017.book1.ch08.text.solution-003
,unit.r017.book1.ch08.text.ex-005,,relation.o018-simplex-ex08-05-solves,unit.o018.lab.simplex.ex08-05
,unit.r017.book1.ch08.text.ex-005,,relation.solves.unit.r017.book1.ch08.solutions-manual.manualsolution-005.unit.r017.book1.ch08.text.ex-005,unit.r017.book1.ch08.solutions-manual.manualsolution-005
,unit.r017.book1.ch08.text.ex-006,,relation.o018-simplex-ex08-06-solves,unit.o018.lab.simplex.ex08-06
,unit.r017.book1.ch08.text.ex-006,,relation.solves.unit.r017.book1.ch08.solutions-manual.manualsolution-006.unit.r017.book1.ch08.text.ex-006,unit.r017.book1.ch08.solutions-manual.manualsolution-006
,unit.r017.book1.ch08.text.ex-007,,relation.o018-simplex-ex08-07-solves,unit.o018.lab.simplex.ex08-07
,unit.r017.book1.ch08.text.ex-007,,relation.solves.unit.r017.book1.ch08.solutions-manual.manualsolution-007.unit.r017.book1.ch08.text.ex-007,unit.r017.book1.ch08.solutions-manual.manualsolution-007
,unit.r017.book1.ch08.text.ex-008,,relation.o018-simplex-ex08-08-solves,unit.o018.lab.simplex.ex08-08
,unit.r017.book1.ch08.text.ex-008,,relation.solves.unit.r017.book1.ch08.solutions-manual.manualsolution-008.unit.r017.book1.ch08.text.ex-008,unit.r017.book1.ch08.solutions-manual.manualsolution-008
,unit.r017.book1.ch08.text.ex-009,,relation.o018-simplex-ex08-09-solves,unit.o018.lab.simplex.ex08-09
,unit.r017.book1.ch08.text.ex-009,,relation.solves.unit.r017.book1.ch08.solutions-manual.manualsolution-009.unit.r017.book1.ch08.text.ex-009,unit.r017.book1.ch08.solutions-manual.manualsolution-009
,unit.r017.book1.ch08.text.ex-009,,relation.solves.unit.r017.book1.ch08.text.solution-004.unit.r017.book1.ch08.text.ex-009,unit.r017.book1.ch08.text.solution-004
,unit.r017.book1.ch09.text.ex-001,,relation.o018-simplex-ex09-01-solves,unit.o018.lab.simplex.ex09-01
,unit.r017.book1.ch09.text.ex-001,,relation.solves.unit.r017.book1.ch09.solutions-manual.manualsolution-001.unit.r017.book1.ch09.text.ex-001,unit.r017.book1.ch09.solutions-manual.manualsolution-001
,unit.r017.book1.ch09.text.ex-002,,relation.o018-simplex-ex09-02-solves,unit.o018.lab.simplex.ex09-02
,unit.r017.book1.ch09.text.ex-002,,relation.solves.unit.r017.book1.ch09.solutions-manual.manualsolution-002.unit.r017.book1.ch09.text.ex-002,unit.r017.book1.ch09.solutions-manual.manualsolution-002
,unit.r017.book1.ch09.text.ex-002,,relation.solves.unit.r017.book1.ch09.text.solution-001.unit.r017.book1.ch09.text.ex-002,unit.r017.book1.ch09.text.solution-001
,unit.r017.book1.ch09.text.ex-003,,relation.o018-simplex-ex09-03-solves,unit.o018.lab.simplex.ex09-03
,unit.r017.book1.ch09.text.ex-003,,relation.solves.unit.r017.book1.ch09.solutions-manual.manualsolution-003.unit.r017.book1.ch09.text.ex-003,unit.r017.book1.ch09.solutions-manual.manualsolution-003
,unit.r017.book1.ch09.text.ex-003,,relation.solves.unit.r017.book1.ch09.text.solution-002.unit.r017.book1.ch09.text.ex-003,unit.r017.book1.ch09.text.solution-002
,unit.r017.book1.ch09.text.ex-004,,relation.o018-simplex-ex09-04-solves,unit.o018.lab.simplex.ex09-04
,unit.r017.book1.ch09.text.ex-004,,relation.solves.unit.r017.book1.ch09.solutions-manual.manualsolution-004.unit.r017.book1.ch09.text.ex-004,unit.r017.book1.ch09.solutions-manual.manualsolution-004
,unit.r017.book1.ch09.text.ex-005,,relation.o018-simplex-ex09-05-solves,unit.o018.lab.simplex.ex09-05
,unit.r017.book1.ch09.text.ex-005,,relation.solves.unit.r017.book1.ch09.solutions-manual.manualsolution-005.unit.r017.book1.ch09.text.ex-005,unit.r017.book1.ch09.solutions-manual.manualsolution-005
,unit.r017.book1.ch09.text.ex-005,,relation.solves.unit.r017.book1.ch09.text.solution-003.unit.r017.book1.ch09.text.ex-005,unit.r017.book1.ch09.text.solution-003
,unit.r017.book1.ch09.text.ex-006,,relation.o018-simplex-ex09-06-solves,unit.o018.lab.simplex.ex09-06
,unit.r017.book1.ch09.text.ex-006,,relation.solves.unit.r017.book1.ch09.solutions-manual.manualsolution-006.unit.r017.book1.ch09.text.ex-006,unit.r017.book1.ch09.solutions-manual.manualsolution-006
,unit.r017.book1.ch09.text.ex-006,,relation.solves.unit.r017.book1.ch09.text.solution-004.unit.r017.book1.ch09.text.ex-006,unit.r017.book1.ch09.text.solution-004
,unit.r017.book1.ch09.text.ex-007,,relation.o018-simplex-ex09-07-solves,unit.o018.lab.simplex.ex09-07
,unit.r017.book1.ch09.text.ex-007,,relation.solves.unit.r017.book1.ch09.solutions-manual.manualsolution-007.unit.r017.book1.ch09.text.ex-007,unit.r017.book1.ch09.solutions-manual.manualsolution-007
,unit.r017.book1.ch09.text.ex-008,,relation.o018-simplex-ex09-08-solves,unit.o018.lab.simplex.ex09-08
,unit.r017.book1.ch09.text.ex-008,,relation.solves.unit.r017.book1.ch09.solutions-manual.manualsolution-008.unit.r017.book1.ch09.text.ex-008,unit.r017.book1.ch09.solutions-manual.manualsolution-008
,unit.r017.book1.ch09.text.ex-009,,relation.o018-simplex-ex09-09-solves,unit.o018.lab.simplex.ex09-09
,unit.r017.book1.ch09.text.ex-009,,relation.solves.unit.r017.book1.ch09.solutions-manual.manualsolution-009.unit.r017.book1.ch09.text.ex-009,unit.r017.book1.ch09.solutions-manual.manualsolution-009
,unit.r017.book1.ch09.text.ex-010,,relation.o018-simplex-ex09-10-solves,unit.o018.lab.simplex.ex09-10
,unit.r017.book1.ch09.text.ex-010,,relation.solves.unit.r017.book1.ch09.solutions-manual.manualsolution-010.unit.r017.book1.ch09.text.ex-010,unit.r017.book1.ch09.solutions-manual.manualsolution-010
,unit.r017.book1.ch09.text.ex-011,,relation.o018-simplex-ex09-11-solves,unit.o018.lab.simplex.ex09-11
,unit.r017.book1.ch09.text.ex-011,,relation.solves.unit.r017.book1.ch09.solutions-manual.manualsolution-011.unit.r017.book1.ch09.text.ex-011,unit.r017.book1.ch09.solutions-manual.manualsolution-011
,unit.r017.book1.ch09.text.ex-012,,relation.o018-simplex-ex09-12-solves,unit.o018.lab.simplex.ex09-12
,unit.r017.book1.ch09.text.ex-012,,relation.solves.unit.r017.book1.ch09.solutions-manual.manualsolution-012.unit.r017.book1.ch09.text.ex-012,unit.r017.book1.ch09.solutions-manual.manualsolution-012
,unit.r017.book1.ch10.text.ex-001,,relation.solves.unit.o018.lab.ch10.ex-10-1.unit.r017.book1.ch10.text.ex-001,unit.o018.lab.ch10.ex-10-1
,unit.r017.book1.ch10.text.ex-001,,relation.solves.unit.r017.book1.ch10.solutions-manual.manualsolution-001.unit.r017.book1.ch10.text.ex-001,unit.r017.book1.ch10.solutions-manual.manualsolution-001
,unit.r017.book1.ch10.text.ex-002,,relation.solves.unit.o018.lab.ch10.ex-10-2.unit.r017.book1.ch10.text.ex-002,unit.o018.lab.ch10.ex-10-2
,unit.r017.book1.ch10.text.ex-002,,relation.solves.unit.r017.book1.ch10.solutions-manual.manualsolution-002.unit.r017.book1.ch10.text.ex-002,unit.r017.book1.ch10.solutions-manual.manualsolution-002
,unit.r017.book1.ch10.text.ex-003,,relation.solves.unit.o018.lab.ch10.ex-10-3.unit.r017.book1.ch10.text.ex-003,unit.o018.lab.ch10.ex-10-3
,unit.r017.book1.ch10.text.ex-003,,relation.solves.unit.r017.book1.ch10.solutions-manual.manualsolution-003.unit.r017.book1.ch10.text.ex-003,unit.r017.book1.ch10.solutions-manual.manualsolution-003
,unit.r017.book1.ch10.text.ex-004,,relation.solves.unit.o018.lab.ch10.ex-10-4.unit.r017.book1.ch10.text.ex-004,unit.o018.lab.ch10.ex-10-4
,unit.r017.book1.ch10.text.ex-004,,relation.solves.unit.r017.book1.ch10.solutions-manual.manualsolution-004.unit.r017.book1.ch10.text.ex-004,unit.r017.book1.ch10.solutions-manual.manualsolution-004
,unit.r017.book1.ch10.text.ex-004,,relation.solves.unit.r017.book1.ch10.text.solution-001.unit.r017.book1.ch10.text.ex-004,unit.r017.book1.ch10.text.solution-001
,unit.r017.book1.ch10.text.ex-005,,relation.solves.unit.o018.lab.ch10.ex-10-5.unit.r017.book1.ch10.text.ex-005,unit.o018.lab.ch10.ex-10-5
,unit.r017.book1.ch10.text.ex-005,,relation.solves.unit.r017.book1.ch10.solutions-manual.manualsolution-005.unit.r017.book1.ch10.text.ex-005,unit.r017.book1.ch10.solutions-manual.manualsolution-005
,unit.r017.book1.ch10.text.ex-006,,relation.solves.unit.o018.lab.ch10.ex-10-6.unit.r017.book1.ch10.text.ex-006,unit.o018.lab.ch10.ex-10-6
,unit.r017.book1.ch10.text.ex-006,,relation.solves.unit.r017.book1.ch10.solutions-manual.manualsolution-006.unit.r017.book1.ch10.text.ex-006,unit.r017.book1.ch10.solutions-manual.manualsolution-006
,unit.r017.book1.ch10.text.ex-006,,relation.solves.unit.r017.book1.ch10.text.solution-002.unit.r017.book1.ch10.text.ex-006,unit.r017.book1.ch10.text.solution-002
,unit.r017.book1.ch10.text.ex-007,,relation.solves.unit.o018.lab.ch10.ex-10-7.unit.r017.book1.ch10.text.ex-007,unit.o018.lab.ch10.ex-10-7
,unit.r017.book1.ch10.text.ex-007,,relation.solves.unit.r017.book1.ch10.solutions-manual.manualsolution-007.unit.r017.book1.ch10.text.ex-007,unit.r017.book1.ch10.solutions-manual.manualsolution-007
,unit.r017.book1.ch10.text.ex-008,,relation.solves.unit.o018.lab.ch10.ex-10-8.unit.r017.book1.ch10.text.ex-008,unit.o018.lab.ch10.ex-10-8
,unit.r017.book1.ch10.text.ex-008,,relation.solves.unit.r017.book1.ch10.solutions-manual.manualsolution-008.unit.r017.book1.ch10.text.ex-008,unit.r017.book1.ch10.solutions-manual.manualsolution-008
,unit.r017.book1.ch10.text.ex-008,,relation.solves.unit.r017.book1.ch10.text.solution-003.unit.r017.book1.ch10.text.ex-008,unit.r017.book1.ch10.text.solution-003
,unit.r017.book1.ch10.text.ex-009,,relation.solves.unit.o018.lab.ch10.ex-10-9.unit.r017.book1.ch10.text.ex-009,unit.o018.lab.ch10.ex-10-9
,unit.r017.book1.ch10.text.ex-009,,relation.solves.unit.r017.book1.ch10.solutions-manual.manualsolution-009.unit.r017.book1.ch10.text.ex-009,unit.r017.book1.ch10.solutions-manual.manualsolution-009
,unit.r017.book1.ch10.text.ex-010,,relation.solves.unit.o018.lab.ch10.ex-10-10.unit.r017.book1.ch10.text.ex-010,unit.o018.lab.ch10.ex-10-10
,unit.r017.book1.ch10.text.ex-010,,relation.solves.unit.r017.book1.ch10.solutions-manual.manualsolution-010.unit.r017.book1.ch10.text.ex-010,unit.r017.book1.ch10.solutions-manual.manualsolution-010
,unit.r017.book1.ch10.text.ex-011,,relation.solves.unit.o018.lab.ch10.ex-10-11.unit.r017.book1.ch10.text.ex-011,unit.o018.lab.ch10.ex-10-11
,unit.r017.book1.ch10.text.ex-011,,relation.solves.unit.r017.book1.ch10.solutions-manual.manualsolution-011.unit.r017.book1.ch10.text.ex-011,unit.r017.book1.ch10.solutions-manual.manualsolution-011
,unit.r017.book1.ch10.text.ex-012,,relation.solves.unit.o018.lab.ch10.ex-10-12.unit.r017.book1.ch10.text.ex-012,unit.o018.lab.ch10.ex-10-12
,unit.r017.book1.ch10.text.ex-012,,relation.solves.unit.r017.book1.ch10.solutions-manual.manualsolution-012.unit.r017.book1.ch10.text.ex-012,unit.r017.book1.ch10.solutions-manual.manualsolution-012
,unit.r017.book1.ch10.text.ex-012,,relation.solves.unit.r017.book1.ch10.text.solution-004.unit.r017.book1.ch10.text.ex-012,unit.r017.book1.ch10.text.solution-004
,unit.r017.book1.ch11.text-a.ex-001,,relation.solves.unit.o018.lab.ch11.ex-11-1.unit.r017.book1.ch11.text-a.ex-001,unit.o018.lab.ch11.ex-11-1
,unit.r017.book1.ch11.text-a.ex-001,,relation.solves.unit.r017.book1.ch11.solutions-manual.manualsolution-001.unit.r017.book1.ch11.text-a.ex-001,unit.r017.book1.ch11.solutions-manual.manualsolution-001
,unit.r017.book1.ch11.text-a.ex-002,,relation.solves.unit.o018.lab.ch11.ex-11-2.unit.r017.book1.ch11.text-a.ex-002,unit.o018.lab.ch11.ex-11-2
,unit.r017.book1.ch11.text-a.ex-002,,relation.solves.unit.r017.book1.ch11.solutions-manual.manualsolution-002.unit.r017.book1.ch11.text-a.ex-002,unit.r017.book1.ch11.solutions-manual.manualsolution-002
,unit.r017.book1.ch11.text-a.ex-002,,relation.solves.unit.r017.book1.ch11.text-a.solution-001.unit.r017.book1.ch11.text-a.ex-002,unit.r017.book1.ch11.text-a.solution-001
,unit.r017.book1.ch11.text-a.ex-003,,relation.solves.unit.o018.lab.ch11.ex-11-3.unit.r017.book1.ch11.text-a.ex-003,unit.o018.lab.ch11.ex-11-3
,unit.r017.book1.ch11.text-a.ex-003,,relation.solves.unit.r017.book1.ch11.solutions-manual.manualsolution-003.unit.r017.book1.ch11.text-a.ex-003,unit.r017.book1.ch11.solutions-manual.manualsolution-003
,unit.r017.book1.ch11.text-a.ex-004,,relation.solves.unit.o018.lab.ch11.ex-11-4.unit.r017.book1.ch11.text-a.ex-004,unit.o018.lab.ch11.ex-11-4
,unit.r017.book1.ch11.text-a.ex-004,,relation.solves.unit.r017.book1.ch11.solutions-manual.manualsolution-004.unit.r017.book1.ch11.text-a.ex-004,unit.r017.book1.ch11.solutions-manual.manualsolution-004
,unit.r017.book1.ch11.text-a.ex-004,,relation.solves.unit.r017.book1.ch11.text-a.solution-002.unit.r017.book1.ch11.text-a.ex-004,unit.r017.book1.ch11.text-a.solution-002
,unit.r017.book1.ch11.text-a.ex-005,,relation.solves.unit.o018.lab.ch11.ex-11-5.unit.r017.book1.ch11.text-a.ex-005,unit.o018.lab.ch11.ex-11-5
,unit.r017.book1.ch11.text-a.ex-005,,relation.solves.unit.r017.book1.ch11.solutions-manual.manualsolution-005.unit.r017.book1.ch11.text-a.ex-005,unit.r017.book1.ch11.solutions-manual.manualsolution-005
,unit.r017.book1.ch11.text-a.ex-006,,relation.solves.unit.o018.lab.ch11.ex-11-6.unit.r017.book1.ch11.text-a.ex-006,unit.o018.lab.ch11.ex-11-6
,unit.r017.book1.ch11.text-a.ex-006,,relation.solves.unit.r017.book1.ch11.solutions-manual.manualsolution-006.unit.r017.book1.ch11.text-a.ex-006,unit.r017.book1.ch11.solutions-manual.manualsolution-006
,unit.r017.book1.ch11.text-a.ex-007,,relation.solves.unit.o018.lab.ch11.ex-11-7.unit.r017.book1.ch11.text-a.ex-007,unit.o018.lab.ch11.ex-11-7
,unit.r017.book1.ch11.text-a.ex-007,,relation.solves.unit.r017.book1.ch11.solutions-manual.manualsolution-007.unit.r017.book1.ch11.text-a.ex-007,unit.r017.book1.ch11.solutions-manual.manualsolution-007
,unit.r017.book1.ch11.text-a.ex-008,,relation.solves.unit.o018.lab.ch11.ex-11-8.unit.r017.book1.ch11.text-a.ex-008,unit.o018.lab.ch11.ex-11-8
,unit.r017.book1.ch11.text-a.ex-008,,relation.solves.unit.r017.book1.ch11.solutions-manual.manualsolution-008.unit.r017.book1.ch11.text-a.ex-008,unit.r017.book1.ch11.solutions-manual.manualsolution-008
,unit.r017.book1.ch11.text-a.ex-009,,relation.solves.unit.o018.lab.ch11.ex-11-9.unit.r017.book1.ch11.text-a.ex-009,unit.o018.lab.ch11.ex-11-9
,unit.r017.book1.ch11.text-a.ex-009,,relation.solves.unit.r017.book1.ch11.solutions-manual.manualsolution-009.unit.r017.book1.ch11.text-a.ex-009,unit.r017.book1.ch11.solutions-manual.manualsolution-009
,unit.r017.book1.ch11.text-a.ex-009,,relation.solves.unit.r017.book1.ch11.text-a.solution-003.unit.r017.book1.ch11.text-a.ex-009,unit.r017.book1.ch11.text-a.solution-003
,unit.r017.book1.ch11.text-b.ex-001,,relation.solves.unit.o018.lab.ch11.ex-11-10.unit.r017.book1.ch11.text-b.ex-001,unit.o018.lab.ch11.ex-11-10
,unit.r017.book1.ch11.text-b.ex-001,,relation.solves.unit.r017.book1.ch11.solutions-manual.manualsolution-010.unit.r017.book1.ch11.text-b.ex-001,unit.r017.book1.ch11.solutions-manual.manualsolution-010
,unit.r017.book1.ch11.text-b.ex-002,,relation.solves.unit.o018.lab.ch11.ex-11-11.unit.r017.book1.ch11.text-b.ex-002,unit.o018.lab.ch11.ex-11-11
,unit.r017.book1.ch11.text-b.ex-002,,relation.solves.unit.r017.book1.ch11.solutions-manual.manualsolution-011.unit.r017.book1.ch11.text-b.ex-002,unit.r017.book1.ch11.solutions-manual.manualsolution-011
,unit.r017.book1.ch11.text-b.ex-002,,relation.solves.unit.r017.book1.ch11.text-b.solution-001.unit.r017.book1.ch11.text-b.ex-002,unit.r017.book1.ch11.text-b.solution-001
,unit.r017.book1.ch11.text-b.ex-003,,relation.solves.unit.o018.lab.ch11.ex-11-12.unit.r017.book1.ch11.text-b.ex-003,unit.o018.lab.ch11.ex-11-12
,unit.r017.book1.ch11.text-b.ex-003,,relation.solves.unit.r017.book1.ch11.solutions-manual.manualsolution-012.unit.r017.book1.ch11.text-b.ex-003,unit.r017.book1.ch11.solutions-manual.manualsolution-012
,unit.r017.book1.ch11.text-b.ex-003,,relation.solves.unit.r017.book1.ch11.text-b.solution-002.unit.r017.book1.ch11.text-b.ex-003,unit.r017.book1.ch11.text-b.solution-002
,unit.r017.book1.ch11.text-b.ex-004,,relation.solves.unit.o018.lab.ch11.ex-11-13.unit.r017.book1.ch11.text-b.ex-004,unit.o018.lab.ch11.ex-11-13
,unit.r017.book1.ch11.text-b.ex-004,,relation.solves.unit.r017.book1.ch11.solutions-manual.manualsolution-013.unit.r017.book1.ch11.text-b.ex-004,unit.r017.book1.ch11.solutions-manual.manualsolution-013
,unit.r017.book1.ch11.text-b.ex-005,,relation.solves.unit.o018.lab.ch11.ex-11-14.unit.r017.book1.ch11.text-b.ex-005,unit.o018.lab.ch11.ex-11-14
,unit.r017.book1.ch11.text-b.ex-005,,relation.solves.unit.r017.book1.ch11.solutions-manual.manualsolution-014.unit.r017.book1.ch11.text-b.ex-005,unit.r017.book1.ch11.solutions-manual.manualsolution-014
,unit.r017.book1.ch11.text-b.ex-006,,relation.solves.unit.o018.lab.ch11.ex-11-15.unit.r017.book1.ch11.text-b.ex-006,unit.o018.lab.ch11.ex-11-15
,unit.r017.book1.ch11.text-b.ex-006,,relation.solves.unit.r017.book1.ch11.solutions-manual.manualsolution-015.unit.r017.book1.ch11.text-b.ex-006,unit.r017.book1.ch11.solutions-manual.manualsolution-015
,unit.r017.book1.ch11.text-b.ex-006,,relation.solves.unit.r017.book1.ch11.text-b.solution-003.unit.r017.book1.ch11.text-b.ex-006,unit.r017.book1.ch11.text-b.solution-003
,unit.r017.book1.ch11.text-b.ex-007,,relation.solves.unit.o018.lab.ch11.ex-11-16.unit.r017.book1.ch11.text-b.ex-007,unit.o018.lab.ch11.ex-11-16
,unit.r017.book1.ch11.text-b.ex-007,,relation.solves.unit.r017.book1.ch11.solutions-manual.manualsolution-016.unit.r017.book1.ch11.text-b.ex-007,unit.r017.book1.ch11.solutions-manual.manualsolution-016
,unit.r017.book1.ch11.text-b.ex-008,,relation.solves.unit.o018.lab.ch11.ex-11-17.unit.r017.book1.ch11.text-b.ex-008,unit.o018.lab.ch11.ex-11-17
,unit.r017.book1.ch11.text-b.ex-008,,relation.solves.unit.r017.book1.ch11.solutions-manual.manualsolution-017.unit.r017.book1.ch11.text-b.ex-008,unit.r017.book1.ch11.solutions-manual.manualsolution-017
,unit.r017.book1.ch12.text.ex-001,,relation.solves.unit.o018.lab.ch12.ex-12-1.unit.r017.book1.ch12.text.ex-001,unit.o018.lab.ch12.ex-12-1
,unit.r017.book1.ch12.text.ex-001,,relation.solves.unit.r017.book1.ch12.solutions-manual.manualsolution-001.unit.r017.book1.ch12.text.ex-001,unit.r017.book1.ch12.solutions-manual.manualsolution-001
,unit.r017.book1.ch12.text.ex-002,,relation.solves.unit.o018.lab.ch12.ex-12-2.unit.r017.book1.ch12.text.ex-002,unit.o018.lab.ch12.ex-12-2
,unit.r017.book1.ch12.text.ex-002,,relation.solves.unit.r017.book1.ch12.solutions-manual.manualsolution-002.unit.r017.book1.ch12.text.ex-002,unit.r017.book1.ch12.solutions-manual.manualsolution-002
,unit.r017.book1.ch12.text.ex-002,,relation.solves.unit.r017.book1.ch12.text.solution-001.unit.r017.book1.ch12.text.ex-002,unit.r017.book1.ch12.text.solution-001
,unit.r017.book1.ch12.text.ex-003,,relation.solves.unit.o018.lab.ch12.ex-12-3.unit.r017.book1.ch12.text.ex-003,unit.o018.lab.ch12.ex-12-3
,unit.r017.book1.ch12.text.ex-003,,relation.solves.unit.r017.book1.ch12.solutions-manual.manualsolution-003.unit.r017.book1.ch12.text.ex-003,unit.r017.book1.ch12.solutions-manual.manualsolution-003
,unit.r017.book1.ch12.text.ex-004,,relation.solves.unit.o018.lab.ch12.ex-12-4.unit.r017.book1.ch12.text.ex-004,unit.o018.lab.ch12.ex-12-4
,unit.r017.book1.ch12.text.ex-004,,relation.solves.unit.r017.book1.ch12.solutions-manual.manualsolution-004.unit.r017.book1.ch12.text.ex-004,unit.r017.book1.ch12.solutions-manual.manualsolution-004
,unit.r017.book1.ch12.text.ex-005,,relation.solves.unit.o018.lab.ch12.ex-12-5.unit.r017.book1.ch12.text.ex-005,unit.o018.lab.ch12.ex-12-5
,unit.r017.book1.ch12.text.ex-005,,relation.solves.unit.r017.book1.ch12.solutions-manual.manualsolution-005.unit.r017.book1.ch12.text.ex-005,unit.r017.book1.ch12.solutions-manual.manualsolution-005
,unit.r017.book1.ch12.text.ex-005,,relation.solves.unit.r017.book1.ch12.text.solution-002.unit.r017.book1.ch12.text.ex-005,unit.r017.book1.ch12.text.solution-002
,unit.r017.book1.ch12.text.ex-006,,relation.solves.unit.o018.lab.ch12.ex-12-6.unit.r017.book1.ch12.text.ex-006,unit.o018.lab.ch12.ex-12-6
,unit.r017.book1.ch12.text.ex-006,,relation.solves.unit.r017.book1.ch12.solutions-manual.manualsolution-006.unit.r017.book1.ch12.text.ex-006,unit.r017.book1.ch12.solutions-manual.manualsolution-006
,unit.r017.book1.ch12.text.ex-007,,relation.solves.unit.o018.lab.ch12.ex-12-7.unit.r017.book1.ch12.text.ex-007,unit.o018.lab.ch12.ex-12-7
,unit.r017.book1.ch12.text.ex-007,,relation.solves.unit.r017.book1.ch12.solutions-manual.manualsolution-007.unit.r017.book1.ch12.text.ex-007,unit.r017.book1.ch12.solutions-manual.manualsolution-007
,unit.r017.book1.ch12.text.ex-008,,relation.solves.unit.o018.lab.ch12.ex-12-8.unit.r017.book1.ch12.text.ex-008,unit.o018.lab.ch12.ex-12-8
,unit.r017.book1.ch12.text.ex-008,,relation.solves.unit.r017.book1.ch12.solutions-manual.manualsolution-008.unit.r017.book1.ch12.text.ex-008,unit.r017.book1.ch12.solutions-manual.manualsolution-008
,unit.r017.book1.ch12.text.ex-009,,relation.solves.unit.o018.lab.ch12.ex-12-9.unit.r017.book1.ch12.text.ex-009,unit.o018.lab.ch12.ex-12-9
,unit.r017.book1.ch12.text.ex-009,,relation.solves.unit.r017.book1.ch12.solutions-manual.manualsolution-009.unit.r017.book1.ch12.text.ex-009,unit.r017.book1.ch12.solutions-manual.manualsolution-009
,unit.r017.book1.ch12.text.ex-009,,relation.solves.unit.r017.book1.ch12.text.solution-003.unit.r017.book1.ch12.text.ex-009,unit.r017.book1.ch12.text.solution-003
,unit.r017.book1.ch13.text.ex-001,,relation.solves.unit.o018.lab.ch13.ex-13-1.unit.r017.book1.ch13.text.ex-001,unit.o018.lab.ch13.ex-13-1
,unit.r017.book1.ch13.text.ex-001,,relation.solves.unit.r017.book1.ch13.solutions-manual.manualsolution-001.unit.r017.book1.ch13.text.ex-001,unit.r017.book1.ch13.solutions-manual.manualsolution-001
,unit.r017.book1.ch13.text.ex-001,,relation.solves.unit.r017.book1.ch13.text.solution-001.unit.r017.book1.ch13.text.ex-001,unit.r017.book1.ch13.text.solution-001
,unit.r017.book1.ch13.text.ex-002,,relation.solves.unit.o018.lab.ch13.ex-13-2.unit.r017.book1.ch13.text.ex-002,unit.o018.lab.ch13.ex-13-2
,unit.r017.book1.ch13.text.ex-002,,relation.solves.unit.r017.book1.ch13.solutions-manual.manualsolution-002.unit.r017.book1.ch13.text.ex-002,unit.r017.book1.ch13.solutions-manual.manualsolution-002
,unit.r017.book1.ch13.text.ex-003,,relation.solves.unit.o018.lab.ch13.ex-13-3.unit.r017.book1.ch13.text.ex-003,unit.o018.lab.ch13.ex-13-3
,unit.r017.book1.ch13.text.ex-003,,relation.solves.unit.r017.book1.ch13.solutions-manual.manualsolution-003.unit.r017.book1.ch13.text.ex-003,unit.r017.book1.ch13.solutions-manual.manualsolution-003
,unit.r017.book1.ch13.text.ex-004,,relation.solves.unit.o018.lab.ch13.ex-13-4.unit.r017.book1.ch13.text.ex-004,unit.o018.lab.ch13.ex-13-4
,unit.r017.book1.ch13.text.ex-004,,relation.solves.unit.r017.book1.ch13.solutions-manual.manualsolution-004.unit.r017.book1.ch13.text.ex-004,unit.r017.book1.ch13.solutions-manual.manualsolution-004
,unit.r017.book1.ch13.text.ex-004,,relation.solves.unit.r017.book1.ch13.text.solution-002.unit.r017.book1.ch13.text.ex-004,unit.r017.book1.ch13.text.solution-002
,unit.r017.book1.ch13.text.ex-005,,relation.solves.unit.o018.lab.ch13.ex-13-5.unit.r017.book1.ch13.text.ex-005,unit.o018.lab.ch13.ex-13-5
,unit.r017.book1.ch13.text.ex-005,,relation.solves.unit.r017.book1.ch13.solutions-manual.manualsolution-005.unit.r017.book1.ch13.text.ex-005,unit.r017.book1.ch13.solutions-manual.manualsolution-005
,unit.r017.book1.ch13.text.ex-006,,relation.solves.unit.o018.lab.ch13.ex-13-6.unit.r017.book1.ch13.text.ex-006,unit.o018.lab.ch13.ex-13-6
,unit.r017.book1.ch13.text.ex-006,,relation.solves.unit.r017.book1.ch13.solutions-manual.manualsolution-006.unit.r017.book1.ch13.text.ex-006,unit.r017.book1.ch13.solutions-manual.manualsolution-006
,unit.r017.book1.ch13.text.ex-007,,relation.solves.unit.o018.lab.ch13.ex-13-7.unit.r017.book1.ch13.text.ex-007,unit.o018.lab.ch13.ex-13-7
,unit.r017.book1.ch13.text.ex-007,,relation.solves.unit.r017.book1.ch13.solutions-manual.manualsolution-007.unit.r017.book1.ch13.text.ex-007,unit.r017.book1.ch13.solutions-manual.manualsolution-007
,unit.r017.book1.ch13.text.ex-007,,relation.solves.unit.r017.book1.ch13.text.solution-003.unit.r017.book1.ch13.text.ex-007,unit.r017.book1.ch13.text.solution-003
,unit.r017.book1.ch13.text.ex-008,,relation.solves.unit.o018.lab.ch13.ex-13-8.unit.r017.book1.ch13.text.ex-008,unit.o018.lab.ch13.ex-13-8
,unit.r017.book1.ch13.text.ex-008,,relation.solves.unit.r017.book1.ch13.solutions-manual.manualsolution-008.unit.r017.book1.ch13.text.ex-008,unit.r017.book1.ch13.solutions-manual.manualsolution-008
,unit.r017.book1.ch13.text.ex-009,,relation.solves.unit.o018.lab.ch13.ex-13-9.unit.r017.book1.ch13.text.ex-009,unit.o018.lab.ch13.ex-13-9
,unit.r017.book1.ch13.text.ex-009,,relation.solves.unit.r017.book1.ch13.solutions-manual.manualsolution-009.unit.r017.book1.ch13.text.ex-009,unit.r017.book1.ch13.solutions-manual.manualsolution-009
,unit.r017.book1.ch13.text.ex-010,,relation.solves.unit.o018.lab.ch13.ex-13-10.unit.r017.book1.ch13.text.ex-010,unit.o018.lab.ch13.ex-13-10
,unit.r017.book1.ch13.text.ex-010,,relation.solves.unit.r017.book1.ch13.solutions-manual.manualsolution-010.unit.r017.book1.ch13.text.ex-010,unit.r017.book1.ch13.solutions-manual.manualsolution-010
,unit.r017.book1.ch13.text.ex-011,,relation.solves.unit.o018.lab.ch13.ex-13-11.unit.r017.book1.ch13.text.ex-011,unit.o018.lab.ch13.ex-13-11
,unit.r017.book1.ch13.text.ex-011,,relation.solves.unit.r017.book1.ch13.text.solution-004.unit.r017.book1.ch13.text.ex-011,unit.r017.book1.ch13.text.solution-004
,unit.r017.book1.ch14.text.ex-001,,relation.solves.unit.o018.lab.ch14.ex-14-1.unit.r017.book1.ch14.text.ex-001,unit.o018.lab.ch14.ex-14-1
,unit.r017.book1.ch14.text.ex-002,,,
,unit.r017.book1.ch14.text.ex-003,,relation.solves.unit.o018.lab.ch14.ex-14-3.unit.r017.book1.ch14.text.ex-003,unit.o018.lab.ch14.ex-14-3
,unit.r017.book1.ch14.text.ex-004,,relation.solves.unit.o018.lab.ch14.ex-14-4.unit.r017.book1.ch14.text.ex-004,unit.o018.lab.ch14.ex-14-4
,unit.r017.book1.ch14.text.ex-005,,,
,unit.r017.book1.ch14.text.ex-006,,,
,unit.r017.book1.ch14.text.ex-007,,,
,unit.r017.book1.ch14.text.ex-008,,,
,unit.r017.book1.ch14.text.itemexercise-001,,relation.solves.unit.o018.lab.ch14.ex-14-skill-9.unit.r017.book1.ch14.text.itemexercise-001,unit.o018.lab.ch14.ex-14-skill-9
,unit.r017.book1.ch14.text.itemexercise-001,,relation.solves.unit.r017.book1.ch14.text.solution-001.unit.r017.book1.ch14.text.itemexercise-001,unit.r017.book1.ch14.text.solution-001
,unit.r017.book1.ch14.text.itemexercise-002,,relation.solves.unit.o018.lab.ch14.ex-14-skill-12.unit.r017.book1.ch14.text.itemexercise-002,unit.o018.lab.ch14.ex-14-skill-12
,unit.r017.book1.ch14.text.itemexercise-002,,relation.solves.unit.r017.book1.ch14.text.solution-002.unit.r017.book1.ch14.text.itemexercise-002,unit.r017.book1.ch14.text.solution-002
,unit.r017.book1.ch14.text.itemexercise-003,,relation.solves.unit.o018.lab.ch14.ex-14-skill-13.unit.r017.book1.ch14.text.itemexercise-003,unit.o018.lab.ch14.ex-14-skill-13
,unit.r017.book1.ch14.text.itemexercise-003,,relation.solves.unit.r017.book1.ch14.text.solution-003.unit.r017.book1.ch14.text.itemexercise-003,unit.r017.book1.ch14.text.solution-003
,unit.r017.book1.ch14.text.itemexercise-004,,relation.solves.unit.o018.lab.ch14.ex-14-skill-14.unit.r017.book1.ch14.text.itemexercise-004,unit.o018.lab.ch14.ex-14-skill-14
,unit.r017.book1.ch14.text.itemexercise-004,,relation.solves.unit.r017.book1.ch14.text.solution-004.unit.r017.book1.ch14.text.itemexercise-004,unit.r017.book1.ch14.text.solution-004
,unit.r017.book1.ch14.text.itemexercise-005,,relation.solves.unit.o018.lab.ch14.ex-14-concept-16.unit.r017.book1.ch14.text.itemexercise-005,unit.o018.lab.ch14.ex-14-concept-16
,unit.r017.book1.ch14.text.itemexercise-005,,relation.solves.unit.r017.book1.ch14.text.solution-005.unit.r017.book1.ch14.text.itemexercise-005,unit.r017.book1.ch14.text.solution-005
,unit.r017.book1.ch14.text.itemexercise-006,,relation.solves.unit.o018.lab.ch14.ex-14-concept-17.unit.r017.book1.ch14.text.itemexercise-006,unit.o018.lab.ch14.ex-14-concept-17
,unit.r017.book1.ch15.text.ex-001,,relation.solves.unit.o018.lab.ch15.ex-15-1.unit.r017.book1.ch15.text.ex-001,unit.o018.lab.ch15.ex-15-1
,unit.r017.book1.ch15.text.ex-001,,relation.solves.unit.r017.book1.ch15.solutions-manual.manualsolution-001.unit.r017.book1.ch15.text.ex-001,unit.r017.book1.ch15.solutions-manual.manualsolution-001
,unit.r017.book1.ch15.text.ex-002,,relation.solves.unit.o018.lab.ch15.ex-15-2.unit.r017.book1.ch15.text.ex-002,unit.o018.lab.ch15.ex-15-2
,unit.r017.book1.ch15.text.ex-002,,relation.solves.unit.r017.book1.ch15.solutions-manual.manualsolution-002.unit.r017.book1.ch15.text.ex-002,unit.r017.book1.ch15.solutions-manual.manualsolution-002
,unit.r017.book1.ch15.text.ex-002,,relation.solves.unit.r017.book1.ch15.text.solution-001.unit.r017.book1.ch15.text.ex-002,unit.r017.book1.ch15.text.solution-001
,unit.r017.book1.ch15.text.ex-003,,relation.solves.unit.o018.lab.ch15.ex-15-3.unit.r017.book1.ch15.text.ex-003,unit.o018.lab.ch15.ex-15-3
,unit.r017.book1.ch15.text.ex-003,,relation.solves.unit.r017.book1.ch15.solutions-manual.manualsolution-003.unit.r017.book1.ch15.text.ex-003,unit.r017.book1.ch15.solutions-manual.manualsolution-003
,unit.r017.book1.ch15.text.ex-003,,relation.solves.unit.r017.book1.ch15.text.solution-002.unit.r017.book1.ch15.text.ex-003,unit.r017.book1.ch15.text.solution-002
,unit.r017.book1.ch15.text.ex-004,,relation.solves.unit.o018.lab.ch15.ex-15-4.unit.r017.book1.ch15.text.ex-004,unit.o018.lab.ch15.ex-15-4
,unit.r017.book1.ch15.text.ex-004,,relation.solves.unit.r017.book1.ch15.solutions-manual.manualsolution-004.unit.r017.book1.ch15.text.ex-004,unit.r017.book1.ch15.solutions-manual.manualsolution-004
,unit.r017.book1.ch15.text.ex-005,,relation.solves.unit.o018.lab.ch15.ex-15-5.unit.r017.book1.ch15.text.ex-005,unit.o018.lab.ch15.ex-15-5
,unit.r017.book1.ch15.text.ex-005,,relation.solves.unit.r017.book1.ch15.solutions-manual.manualsolution-005.unit.r017.book1.ch15.text.ex-005,unit.r017.book1.ch15.solutions-manual.manualsolution-005
,unit.r017.book1.ch15.text.ex-006,,relation.solves.unit.o018.lab.ch15.ex-15-6.unit.r017.book1.ch15.text.ex-006,unit.o018.lab.ch15.ex-15-6
,unit.r017.book1.ch15.text.ex-006,,relation.solves.unit.r017.book1.ch15.solutions-manual.manualsolution-006.unit.r017.book1.ch15.text.ex-006,unit.r017.book1.ch15.solutions-manual.manualsolution-006
,unit.r017.book1.ch15.text.ex-007,,relation.solves.unit.o018.lab.ch15.ex-15-7.unit.r017.book1.ch15.text.ex-007,unit.o018.lab.ch15.ex-15-7
,unit.r017.book1.ch15.text.ex-007,,relation.solves.unit.r017.book1.ch15.solutions-manual.manualsolution-007.unit.r017.book1.ch15.text.ex-007,unit.r017.book1.ch15.solutions-manual.manualsolution-007
,unit.r017.book1.ch15.text.ex-008,,relation.solves.unit.o018.lab.ch15.ex-15-8.unit.r017.book1.ch15.text.ex-008,unit.o018.lab.ch15.ex-15-8
,unit.r017.book1.ch15.text.ex-008,,relation.solves.unit.r017.book1.ch15.solutions-manual.manualsolution-008.unit.r017.book1.ch15.text.ex-008,unit.r017.book1.ch15.solutions-manual.manualsolution-008
,unit.r017.book1.ch15.text.ex-008,,relation.solves.unit.r017.book1.ch15.text.solution-003.unit.r017.book1.ch15.text.ex-008,unit.r017.book1.ch15.text.solution-003
,unit.r017.book1.ch15.text.ex-009,,relation.solves.unit.o018.lab.ch15.ex-15-9.unit.r017.book1.ch15.text.ex-009,unit.o018.lab.ch15.ex-15-9
,unit.r017.book1.ch15.text.ex-009,,relation.solves.unit.r017.book1.ch15.solutions-manual.manualsolution-009.unit.r017.book1.ch15.text.ex-009,unit.r017.book1.ch15.solutions-manual.manualsolution-009
,unit.r017.book1.ch15.text.ex-009,,relation.solves.unit.r017.book1.ch15.text.solution-004.unit.r017.book1.ch15.text.ex-009,unit.r017.book1.ch15.text.solution-004
,unit.r017.book1.ch15.text.ex-010,,relation.solves.unit.o018.lab.ch15.ex-15-10.unit.r017.book1.ch15.text.ex-010,unit.o018.lab.ch15.ex-15-10
,unit.r017.book1.ch15.text.ex-010,,relation.solves.unit.r017.book1.ch15.solutions-manual.manualsolution-010.unit.r017.book1.ch15.text.ex-010,unit.r017.book1.ch15.solutions-manual.manualsolution-010
,unit.r017.book1.ch15.text.ex-010,,relation.solves.unit.r017.book1.ch15.text.solution-005.unit.r017.book1.ch15.text.ex-010,unit.r017.book1.ch15.text.solution-005
,unit.r017.book1.ch15.text.ex-011,,relation.solves.unit.o018.lab.ch15.ex-15-11.unit.r017.book1.ch15.text.ex-011,unit.o018.lab.ch15.ex-15-11
,unit.r017.book1.ch15.text.ex-011,,relation.solves.unit.r017.book1.ch15.solutions-manual.manualsolution-011.unit.r017.book1.ch15.text.ex-011,unit.r017.book1.ch15.solutions-manual.manualsolution-011
,unit.r017.book1.ch15.text.ex-011,,relation.solves.unit.r017.book1.ch15.text.solution-006.unit.r017.book1.ch15.text.ex-011,unit.r017.book1.ch15.text.solution-006
,unit.r017.book1.ch15.text.ex-012,,relation.solves.unit.o018.lab.ch15.ex-15-12.unit.r017.book1.ch15.text.ex-012,unit.o018.lab.ch15.ex-15-12
,unit.r017.book1.ch15.text.ex-012,,relation.solves.unit.r017.book1.ch15.solutions-manual.manualsolution-012.unit.r017.book1.ch15.text.ex-012,unit.r017.book1.ch15.solutions-manual.manualsolution-012
,unit.r017.book1.ch15.text.ex-013,,relation.solves.unit.o018.lab.ch15.ex-15-13.unit.r017.book1.ch15.text.ex-013,unit.o018.lab.ch15.ex-15-13
,unit.r017.book1.ch15.text.ex-013,,relation.solves.unit.r017.book1.ch15.solutions-manual.manualsolution-013.unit.r017.book1.ch15.text.ex-013,unit.r017.book1.ch15.solutions-manual.manualsolution-013
,unit.r017.book1.ch15.text.ex-014,,relation.solves.unit.o018.lab.ch15.ex-15-14.unit.r017.book1.ch15.text.ex-014,unit.o018.lab.ch15.ex-15-14
,unit.r017.book1.ch15.text.ex-014,,relation.solves.unit.r017.book1.ch15.solutions-manual.manualsolution-014.unit.r017.book1.ch15.text.ex-014,unit.r017.book1.ch15.solutions-manual.manualsolution-014
,unit.r017.book1.ch15.text.ex-015,,relation.solves.unit.o018.lab.ch15.ex-15-15.unit.r017.book1.ch15.text.ex-015,unit.o018.lab.ch15.ex-15-15
,unit.r017.book1.ch15.text.ex-015,,relation.solves.unit.r017.book1.ch15.solutions-manual.manualsolution-015.unit.r017.book1.ch15.text.ex-015,unit.r017.book1.ch15.solutions-manual.manualsolution-015
,unit.r017.book1.ch15.text.ex-016,,relation.solves.unit.o018.lab.ch15.ex-15-16.unit.r017.book1.ch15.text.ex-016,unit.o018.lab.ch15.ex-15-16
,unit.r017.book1.ch15.text.ex-016,,relation.solves.unit.r017.book1.ch15.solutions-manual.manualsolution-016.unit.r017.book1.ch15.text.ex-016,unit.r017.book1.ch15.solutions-manual.manualsolution-016
