concept_id,evidence,id,preferred,recorded_at,register,rejected,responsible_workflow,schema_name,schema_version,scope,source_locale,source_term,status,supersedes_id,target_locale,variants
concept.absolute-value-linearization,Final id-ID corpus terminology audit,term.absolute-value-linearization.id,linearisasi nilai mutlak,2026-08-23T00:00:00+02:00,academic,[],codex-r017-o018-id-production,interlanguage.term,0.1.0,R017/O018 Book 1 full-corpus edition,en,absolute-value linearization,approved,,id-ID,[]
concept.lp-modeling-assumptions,Chapter 2 Assumptions section,term.additivity.id,aditivitas,2026-08-23T00:00:00+02:00,academic,[],codex-r017-o018-id-production,interlanguage.term,0.1.0,linear-programming modeling assumption,en,additivity,approved,,id-ID,[]
concept.alternate-optima,Chapter 5 terminology decision,term.alternate-optima.id,solusi optimal alternatif,2026-08-23T00:00:00+02:00,academic,[],codex-r017-o018-id-production,interlanguage.term,0.1.0,linear programming,en,alternate optimal solutions,approved,,id-ID,"[""beberapa optimum""]"
concept.graph-theory,Chapter 4 terminology decision,term.arc.id,busur,2026-08-23T00:00:00+02:00,academic,"[""sisi berarah""]",codex-r017-o018-id-production,interlanguage.term,0.1.0,directed networks,en,arc,approved,,id-ID,[]
concept.artificial-variable,Chapters 7 and 9 terminology decision,term.artificial-variable.id,variabel artifisial,2026-08-23T00:00:00+02:00,academic,[],codex-r017-o018-id-production,interlanguage.term,0.1.0,simplex initialization,en,artificial variable,approved,,id-ID,[]
concept.assignment-model,Chapter 2 Assignment Problem subsection,term.assignment.id,masalah penugasan,2026-08-23T00:00:00+02:00,academic,[],codex-r017-o018-id-production,interlanguage.term,0.1.0,binary integer-programming model class,en,assignment problem,approved,,id-ID,"[""model penugasan""]"
concept.basic-feasible-solution,"Chapters 7--9 terminology decision; 2026-08-22 Indonesian field-usage QA retained the preferred form, recorded a historical retrieval variant, and corrected one malformed local word order",term.basic-feasible-solution.id,solusi basis layak,2026-08-23T00:00:00+02:00,academic,"[""solusi layak dasar""]",codex-r017-o018-id-production,interlanguage.term,0.1.0,simplex method,en,basic feasible solution,approved,,id-ID,"[""SBL"",""pemecahan dasar yang layak""]"
concept.basis-matrix,Chapter 8 terminology decision,term.basis-matrix.id,matriks basis,2026-08-23T00:00:00+02:00,academic,[],codex-r017-o018-id-production,interlanguage.term,0.1.0,matrix simplex,en,basis matrix,approved,,id-ID,[]
concept.big-m-modeling,Full-corpus id-ID terminology audit,term.big-m-modeling.id,pemodelan Big-M,2026-08-23T00:00:00+02:00,academic,[],codex-r017-o018-id-production,interlanguage.term,0.1.0,R017/O018 Book 1 full-corpus edition,en,Big-M modeling,approved,,id-ID,[]
concept.big-m-method,Chapters 7 and 9 terminology decision,term.big-m.id,metode Big-M,2026-08-23T00:00:00+02:00,academic,[],codex-r017-o018-id-production,interlanguage.term,0.1.0,simplex initialization,en,Big-M method,approved,,id-ID,[]
concept.binary-integer-programming,first-boundary editorial terminology decision,term.binary-integer-programming.id,pemrograman bilangan bulat biner,2026-08-23T00:00:00+02:00,academic,[],codex-r017-o018-id-production,interlanguage.term,0.1.0,model class; abbreviation BIP retained,en,binary integer programming,approved,,id-ID,[]
concept.sensitivity-analysis,Chapter 3 terminology decision,term.binding-constraint.id,kendala aktif,2026-08-23T00:00:00+02:00,academic,[],codex-r017-o018-id-production,interlanguage.term,0.1.0,Solver reports and sensitivity analysis,en,binding constraint,approved,,id-ID,"[""kendala binding""]"
concept.bland-rule,Chapter 7 terminology decision,term.bland-rule.id,aturan Bland,2026-08-23T00:00:00+02:00,academic,[],codex-r017-o018-id-production,interlanguage.term,0.1.0,simplex anti-cycling,en,Bland's rule,approved,,id-ID,[]
concept.canonical-form,Chapter 7 terminology decision,term.canonical-form.id,bentuk kanonik,2026-08-23T00:00:00+02:00,academic,[],codex-r017-o018-id-production,interlanguage.term,0.1.0,simplex dictionaries,en,canonical form,approved,,id-ID,[]
concept.capital-allocation,Final id-ID corpus terminology audit,term.capital-allocation.id,model alokasi modal,2026-08-23T00:00:00+02:00,academic,[],codex-r017-o018-id-production,interlanguage.term,0.1.0,R017/O018 Book 1 full-corpus edition,en,capital-allocation model,approved,,id-ID,[]
concept.spreadsheet-modeling,Chapter 3 terminology decision,term.cell.id,sel,2026-08-23T00:00:00+02:00,technical,[],codex-r017-o018-id-production,interlanguage.term,0.1.0,spreadsheet interface,en,cell,approved,,id-ID,[]
concept.lp-modeling-assumptions,Chapter 2 Assumptions section,term.certainty.id,kepastian,2026-08-23T00:00:00+02:00,academic,[],codex-r017-o018-id-production,interlanguage.term,0.1.0,linear-programming modeling assumption,en,certainty,approved,,id-ID,[]
concept.compact-indexed-modeling,Chapter 4 terminology decision,term.compact-notation.id,notasi ringkas,2026-08-23T00:00:00+02:00,academic,[],codex-r017-o018-id-production,interlanguage.term,0.1.0,indexed optimization models,en,compact notation,approved,,id-ID,[]
concept.complementary-slackness,Full-corpus id-ID terminology audit,term.complementary-slackness.id,kelonggaran komplementer,2026-08-23T00:00:00+02:00,academic,[],codex-r017-o018-id-production,interlanguage.term,0.1.0,R017/O018 Book 1 full-corpus edition,en,complementary slackness,approved,,id-ID,[]
concept.conditional-formatting,Chapter 3 terminology decision,term.conditional-formatting.id,pemformatan bersyarat,2026-08-23T00:00:00+02:00,technical,[],codex-r017-o018-id-production,interlanguage.term,0.1.0,spreadsheet feature,en,conditional formatting,approved,,id-ID,[]
concept.constraint,first-boundary editorial terminology decision,term.constraint.id,kendala,2026-08-23T00:00:00+02:00,academic,[],codex-r017-o018-id-production,interlanguage.term,0.1.0,optimization model,en,constraint,approved,,id-ID,"[""batasan""]"
concept.convex-combination,Chapter 6 terminology decision,term.convex-combination.id,kombinasi konveks,2026-08-23T00:00:00+02:00,academic,[],codex-r017-o018-id-production,interlanguage.term,0.1.0,convex geometry,en,convex combination,approved,,id-ID,[]
concept.convex-set,Chapter 6 terminology decision,term.convex-set.id,himpunan konveks,2026-08-23T00:00:00+02:00,academic,[],codex-r017-o018-id-production,interlanguage.term,0.1.0,convex geometry,en,convex set,approved,,id-ID,[]
concept.convex-optimization,first-boundary editorial terminology decision,term.convex.id,konveks,2026-08-23T00:00:00+02:00,academic,[],codex-r017-o018-id-production,interlanguage.term,0.1.0,geometry and optimization,en,convex,approved,,id-ID,[]
concept.corner-point,Chapter 6 terminology decision,term.corner-point.id,titik sudut,2026-08-23T00:00:00+02:00,academic,[],codex-r017-o018-id-production,interlanguage.term,0.1.0,polyhedral geometry; distinguish theorem terminology from general extreme point where needed,en,corner point,approved,,id-ID,"[""titik ekstrem""]"
concept.cycling,Chapter 7 terminology decision,term.cycling.id,siklus,2026-08-23T00:00:00+02:00,academic,[],codex-r017-o018-id-production,interlanguage.term,0.1.0,simplex method,en,cycling,approved,,id-ID,"[""perulangan siklik""]"
concept.data-validation,Chapter 3 terminology decision,term.data-validation.id,validasi data,2026-08-23T00:00:00+02:00,technical,[],codex-r017-o018-id-production,interlanguage.term,0.1.0,spreadsheet feature,en,data validation,approved,,id-ID,[]
concept.decision-variable,first-boundary editorial terminology decision,term.decision-variable.id,variabel keputusan,2026-08-23T00:00:00+02:00,academic,[],codex-r017-o018-id-production,interlanguage.term,0.1.0,optimization model,en,decision variable,approved,,id-ID,[]
concept.degeneracy,Chapter 7 terminology decision,term.degeneracy.id,degenerasi,2026-08-23T00:00:00+02:00,academic,[],codex-r017-o018-id-production,interlanguage.term,0.1.0,simplex method,en,degeneracy,approved,,id-ID,[]
concept.diet-problem,Final id-ID corpus terminology audit,term.diet-problem.id,masalah diet,2026-08-23T00:00:00+02:00,academic,[],codex-r017-o018-id-production,interlanguage.term,0.1.0,R017/O018 Book 1 full-corpus edition,en,diet problem,approved,,id-ID,[]
concept.dijkstra-algorithm,Full-corpus id-ID terminology audit,term.dijkstra-algorithm.id,algoritme Dijkstra,2026-08-23T00:00:00+02:00,academic,[],codex-r017-o018-id-production,interlanguage.term,0.1.0,R017/O018 Book 1 full-corpus edition,en,Dijkstra algorithm,approved,,id-ID,[]
concept.graph-theory,Chapter 4 terminology decision,term.directed-graph.id,graf berarah,2026-08-23T00:00:00+02:00,academic,[],codex-r017-o018-id-production,interlanguage.term,0.1.0,network modeling,en,directed graph,approved,,id-ID,[]
concept.lp-modeling-assumptions,Chapter 2 Assumptions section,term.divisibility.id,keterbagian,2026-08-23T00:00:00+02:00,academic,[],codex-r017-o018-id-production,interlanguage.term,0.1.0,linear-programming modeling assumption,en,divisibility,approved,,id-ID,[]
concept.dot-product,Full-corpus id-ID terminology audit,term.dot-product.id,hasil kali titik,2026-08-23T00:00:00+02:00,academic,[],codex-r017-o018-id-production,interlanguage.term,0.1.0,R017/O018 Book 1 full-corpus edition,en,dot product,approved,,id-ID,[]
concept.dual-formulation,Full-corpus id-ID terminology audit,term.dual-formulation.id,formulasi dual,2026-08-23T00:00:00+02:00,academic,[],codex-r017-o018-id-production,interlanguage.term,0.1.0,R017/O018 Book 1 full-corpus edition,en,dual formulation,approved,,id-ID,[]
concept.pivot-operation,Chapter 7 terminology decision,term.entering-variable.id,variabel masuk,2026-08-23T00:00:00+02:00,academic,[],codex-r017-o018-id-production,interlanguage.term,0.1.0,simplex pivot,en,entering variable,approved,,id-ID,[]
concept.epsilon-constraint-method,Full-corpus id-ID terminology audit,term.epsilon-constraint-method.id,metode kendala epsilon,2026-08-23T00:00:00+02:00,academic,[],codex-r017-o018-id-production,interlanguage.term,0.1.0,R017/O018 Book 1 full-corpus edition,en,epsilon-constraint method,approved,,id-ID,"[""metode kendala ε""]"
concept.euler-circuit,Full-corpus id-ID terminology audit,term.euler-circuit.id,sirkuit Euler,2026-08-23T00:00:00+02:00,academic,[],codex-r017-o018-id-production,interlanguage.term,0.1.0,R017/O018 Book 1 full-corpus edition,en,Euler circuit,approved,,id-ID,[]
concept.excel-solver,Chapter 3 terminology decision,term.excel-solver.id,Solver Excel,2026-08-23T00:00:00+02:00,technical,[],codex-r017-o018-id-production,interlanguage.term,0.1.0,Microsoft Excel optimization add-in; product token retained,en,Excel Solver,approved,,id-ID,[]
concept.expected-value-objective,Final id-ID corpus terminology audit,term.expected-value-objective.id,fungsi tujuan nilai harapan,2026-08-23T00:00:00+02:00,academic,[],codex-r017-o018-id-production,interlanguage.term,0.1.0,R017/O018 Book 1 full-corpus edition,en,expected-value objective,approved,,id-ID,[]
concept.extreme-point-optimality,Chapter 5 terminology decision,term.extreme-point.id,titik ekstrem,2026-08-23T00:00:00+02:00,academic,[],codex-r017-o018-id-production,interlanguage.term,0.1.0,polyhedral geometry,en,extreme point,approved,,id-ID,"[""titik sudut""]"
concept.facility-location,Full-corpus id-ID terminology audit,term.facility-location.id,penentuan lokasi fasilitas,2026-08-23T00:00:00+02:00,academic,[],codex-r017-o018-id-production,interlanguage.term,0.1.0,R017/O018 Book 1 full-corpus edition,en,facility location,approved,,id-ID,[]
concept.feasible-region,first-boundary editorial decision; 2026-08-22 Indonesian field-usage QA found mixed fisibel/layak evidence and retained the scoped preferred-plus-variant policy,term.feasible-region.id,daerah fisibel,2026-08-23T00:00:00+02:00,academic,[],codex-r017-o018-id-production,interlanguage.term,0.1.0,optimization model; gloss on first use,en,feasible region,approved,,id-ID,"[""daerah layak""]"
concept.fixed-charge-model,Full-corpus id-ID terminology audit,term.fixed-charge-model.id,model biaya tetap,2026-08-23T00:00:00+02:00,academic,[],codex-r017-o018-id-production,interlanguage.term,0.1.0,R017/O018 Book 1 full-corpus edition,en,fixed-charge model,approved,,id-ID,[]
concept.flow-balance-sign-convention,Chapter 4 terminology decision,term.flow-balance-convention.id,konvensi tanda keseimbangan aliran,2026-08-23T00:00:00+02:00,academic,[],codex-r017-o018-id-production,interlanguage.term,0.1.0,comparison of out-minus-in and in-minus-out balance equations,en,flow-balance sign convention,approved,,id-ID,[]
concept.flow-conservation,Chapter 4 terminology decision,term.flow-conservation.id,konservasi aliran,2026-08-23T00:00:00+02:00,academic,[],codex-r017-o018-id-production,interlanguage.term,0.1.0,network-flow constraints,en,flow conservation,approved,,id-ID,"[""keseimbangan aliran""]"
concept.short-selling,Chapter 3 terminology decision,term.free-variable.id,variabel bebas,2026-08-23T00:00:00+02:00,academic,[],codex-r017-o018-id-production,interlanguage.term,0.1.0,variable domain unrestricted in sign,en,free variable,approved,,id-ID,[]
concept.gaussian-elimination,Full-corpus id-ID terminology audit,term.gaussian-elimination.id,eliminasi Gauss,2026-08-23T00:00:00+02:00,academic,[],codex-r017-o018-id-production,interlanguage.term,0.1.0,R017/O018 Book 1 full-corpus edition,en,Gaussian elimination,approved,,id-ID,[]
concept.graph-coloring,Full-corpus id-ID terminology audit,term.graph-coloring.id,pewarnaan graf,2026-08-23T00:00:00+02:00,academic,[],codex-r017-o018-id-production,interlanguage.term,0.1.0,R017/O018 Book 1 full-corpus edition,en,graph coloring,approved,,id-ID,[]
concept.graph-theory,Chapter 4 terminology decision,term.graph.id,graf,2026-08-23T00:00:00+02:00,academic,[],codex-r017-o018-id-production,interlanguage.term,0.1.0,network modeling,en,graph,approved,,id-ID,[]
concept.graphical-lp-method,Chapter 5 terminology decision,term.graphical-method.id,metode grafis,2026-08-23T00:00:00+02:00,academic,[],codex-r017-o018-id-production,interlanguage.term,0.1.0,two-variable linear programming,en,graphical method,approved,,id-ID,[]
concept.halfspace,Chapter 6 terminology decision,term.halfspace.id,setengah ruang,2026-08-23T00:00:00+02:00,academic,[],codex-r017-o018-id-production,interlanguage.term,0.1.0,polyhedral geometry,en,halfspace,approved,,id-ID,[]
concept.hamilton-circuit,Full-corpus id-ID terminology audit,term.hamilton-circuit.id,sirkuit Hamilton,2026-08-23T00:00:00+02:00,academic,[],codex-r017-o018-id-production,interlanguage.term,0.1.0,R017/O018 Book 1 full-corpus edition,en,Hamilton circuit,approved,,id-ID,[]
concept.infeasible-linear-program,Chapter 5 terminology decision,term.infeasible.id,tak layak,2026-08-23T00:00:00+02:00,academic,[],codex-r017-o018-id-production,interlanguage.term,0.1.0,linear programming status,en,infeasible,approved,,id-ID,"[""tidak layak""]"
concept.integer-linear-programming,Final id-ID corpus terminology audit,term.integer-linear-programming.id,pemrograman linear bilangan bulat,2026-08-23T00:00:00+02:00,academic,[],codex-r017-o018-id-production,interlanguage.term,0.1.0,R017/O018 Book 1 full-corpus edition,en,integer linear programming,approved,,id-ID,[]
concept.inventory-balance,O018 README and Chapter 1 exercise ex:shirt-full-lp,term.inventory-balance.id,keseimbangan persediaan,2026-08-23T00:00:00+02:00,academic,[],codex-r017-o018-id-production,interlanguage.term,0.1.0,shirt-ordering model,en,inventory balance,source_frozen,,id-ID,[]
concept.job-shop-scheduling,Full-corpus id-ID terminology audit,term.job-shop-scheduling.id,penjadwalan job shop,2026-08-23T00:00:00+02:00,academic,[],codex-r017-o018-id-production,interlanguage.term,0.1.0,R017/O018 Book 1 full-corpus edition,en,job-shop scheduling,approved,,id-ID,[]
concept.knapsack-model,Chapter 2 Knapsack Problem subsection,term.knapsack.id,masalah ransel,2026-08-23T00:00:00+02:00,academic,[],codex-r017-o018-id-production,interlanguage.term,0.1.0,binary integer-programming model class,en,knapsack problem,approved,,id-ID,"[""model ransel""]"
concept.kruskal-algorithm,Full-corpus id-ID terminology audit,term.kruskal-algorithm.id,algoritme Kruskal,2026-08-23T00:00:00+02:00,academic,[],codex-r017-o018-id-production,interlanguage.term,0.1.0,R017/O018 Book 1 full-corpus edition,en,Kruskal algorithm,approved,,id-ID,[]
concept.learning-outcomes,first-boundary editorial terminology decision,term.learning-outcomes.id,capaian pembelajaran,2026-08-23T00:00:00+02:00,academic,[],codex-r017-o018-id-production,interlanguage.term,0.1.0,pedagogy,en,learning outcomes,approved,,id-ID,[]
concept.pivot-operation,Chapter 7 terminology decision,term.leaving-variable.id,variabel keluar,2026-08-23T00:00:00+02:00,academic,[],codex-r017-o018-id-production,interlanguage.term,0.1.0,simplex pivot,en,leaving variable,approved,,id-ID,[]
concept.level-curve,Chapter 5 terminology decision,term.level-curve.id,kurva aras,2026-08-23T00:00:00+02:00,academic,[],codex-r017-o018-id-production,interlanguage.term,0.1.0,linear objective geometry,en,level curve,approved,,id-ID,"[""garis aras""]"
concept.lexicographic-optimization,Full-corpus id-ID terminology audit,term.lexicographic-optimization.id,optimisasi leksikografis,2026-08-23T00:00:00+02:00,academic,[],codex-r017-o018-id-production,interlanguage.term,0.1.0,R017/O018 Book 1 full-corpus edition,en,lexicographic optimization,approved,,id-ID,[]
concept.linear-combination,Chapter 6 terminology decision,term.linear-combination.id,kombinasi linier,2026-08-23T00:00:00+02:00,academic,[],codex-r017-o018-id-production,interlanguage.term,0.1.0,linear algebra and polyhedral theory,en,linear combination,approved,,id-ID,[]
concept.linear-independence,Chapter 6 terminology decision,term.linear-independence.id,kebebasan linier,2026-08-23T00:00:00+02:00,academic,[],codex-r017-o018-id-production,interlanguage.term,0.1.0,linear algebra,en,linear independence,approved,,id-ID,"[""independensi linier""]"
concept.linear-programming,first-boundary editorial decision; 2026-08-22 Indonesian field-usage QA validated the preferred form and added linier spelling variants for retrieval,term.linear-programming.id,pemrograman linear,2026-08-23T00:00:00+02:00,academic,[],codex-r017-o018-id-production,interlanguage.term,0.1.0,model class; abbreviation LP retained,en,linear programming,approved,,id-ID,"[""program linear"",""pemrograman linier"",""program linier""]"
concept.linear-system,Full-corpus id-ID terminology audit,term.linear-system.id,sistem persamaan linear,2026-08-23T00:00:00+02:00,academic,[],codex-r017-o018-id-production,interlanguage.term,0.1.0,R017/O018 Book 1 full-corpus edition,en,system of linear equations,approved,,id-ID,[]
concept.logical-binary-constraints,Full-corpus id-ID terminology audit,term.logical-binary-constraints.id,kendala logis biner,2026-08-23T00:00:00+02:00,academic,[],codex-r017-o018-id-production,interlanguage.term,0.1.0,R017/O018 Book 1 full-corpus edition,en,logical binary constraints,approved,,id-ID,[]
concept.loss-function,first-boundary editorial terminology decision,term.loss-function.id,fungsi kerugian,2026-08-23T00:00:00+02:00,academic,[],codex-r017-o018-id-production,interlanguage.term,0.1.0,machine learning,en,loss function,approved,,id-ID,[]
concept.linear-programming,Chapter 2 staffing and bakery models,term.lp-relaxation.id,relaksasi LP,2026-08-23T00:00:00+02:00,technical,[],codex-r017-o018-id-production,interlanguage.term,0.1.0,continuous relaxation of an integer model,en,LP relaxation,approved,,id-ID,"[""relaksasi pemrograman linear""]"
concept.machine-learning-optimization,Final id-ID corpus terminology audit,term.machine-learning-optimization.id,optimisasi dalam pembelajaran mesin,2026-08-23T00:00:00+02:00,academic,[],codex-r017-o018-id-production,interlanguage.term,0.1.0,R017/O018 Book 1 full-corpus edition,en,optimization in machine learning,approved,,id-ID,[]
concept.mathematical-programming,first-boundary editorial terminology decision,term.mathematical-programming.id,pemrograman matematis,2026-08-23T00:00:00+02:00,academic,[],codex-r017-o018-id-production,interlanguage.term,0.1.0,discipline and model class,en,mathematical programming,approved,,id-ID,"[""optimisasi matematis""]"
concept.matrix-arithmetic,Full-corpus id-ID terminology audit,term.matrix-arithmetic.id,aritmetika matriks,2026-08-23T00:00:00+02:00,academic,[],codex-r017-o018-id-production,interlanguage.term,0.1.0,R017/O018 Book 1 full-corpus edition,en,matrix arithmetic,approved,,id-ID,[]
concept.matrix-inverse,Full-corpus id-ID terminology audit,term.matrix-inverse.id,invers matriks,2026-08-23T00:00:00+02:00,academic,[],codex-r017-o018-id-production,interlanguage.term,0.1.0,R017/O018 Book 1 full-corpus edition,en,matrix inverse,approved,,id-ID,[]
concept.matrix-rank,Chapter 6 terminology decision,term.matrix-rank.id,rank matriks,2026-08-23T00:00:00+02:00,academic,[],codex-r017-o018-id-production,interlanguage.term,0.1.0,linear algebra,en,matrix rank,approved,,id-ID,"[""peringkat matriks""]"
concept.assignment-fairness,Chapter 4 terminology decision,term.max-min-fairness.id,keadilan maks-min,2026-08-23T00:00:00+02:00,academic,[],codex-r017-o018-id-production,interlanguage.term,0.1.0,assignment fairness objectives,en,max-min fairness,approved,,id-ID,[]
concept.maximum-flow,Chapter 4 terminology decision,term.maximum-flow.id,aliran maksimum,2026-08-23T00:00:00+02:00,academic,[],codex-r017-o018-id-production,interlanguage.term,0.1.0,network optimization,en,maximum flow,approved,,id-ID,[]
concept.assignment-fairness,Chapter 4 terminology decision,term.min-max-fairness.id,keadilan min-maks,2026-08-23T00:00:00+02:00,academic,[],codex-r017-o018-id-production,interlanguage.term,0.1.0,assignment fairness objectives,en,min-max fairness,approved,,id-ID,[]
concept.network-flow,Chapter 4 terminology decision,term.minimum-cost-flow.id,aliran berbiaya minimum,2026-08-23T00:00:00+02:00,academic,[],codex-r017-o018-id-production,interlanguage.term,0.1.0,network optimization,en,minimum-cost flow,approved,,id-ID,"[""aliran biaya minimum""]"
concept.minimum-cut,Chapter 4 terminology decision,term.minimum-cut.id,potongan minimum,2026-08-23T00:00:00+02:00,academic,[],codex-r017-o018-id-production,interlanguage.term,0.1.0,maximum-flow/minimum-cut theory,en,minimum cut,approved,,id-ID,[]
concept.minimum-spanning-tree,Full-corpus id-ID terminology audit,term.minimum-spanning-tree.id,pohon merentang minimum,2026-08-23T00:00:00+02:00,academic,[],codex-r017-o018-id-production,interlanguage.term,0.1.0,R017/O018 Book 1 full-corpus edition,en,minimum spanning tree,approved,,id-ID,[]
concept.mixed-integer-linear-programming,first-boundary editorial terminology decision,term.mixed-integer-linear-programming.id,pemrograman linear bilangan bulat campuran,2026-08-23T00:00:00+02:00,academic,[],codex-r017-o018-id-production,interlanguage.term,0.1.0,model class; abbreviation MILP retained,en,mixed-integer linear programming,approved,,id-ID,[]
concept.mixed-integer-nonlinear-programming,Final id-ID corpus terminology audit,term.mixed-integer-nonlinear-programming.id,pemrograman nonlinier bilangan bulat campuran,2026-08-23T00:00:00+02:00,academic,[],codex-r017-o018-id-production,interlanguage.term,0.1.0,R017/O018 Book 1 full-corpus edition,en,mixed-integer nonlinear programming,approved,,id-ID,[]
concept.model-development-cycle,Final id-ID corpus terminology audit,term.model-development-cycle.id,siklus pengembangan model,2026-08-23T00:00:00+02:00,academic,[],codex-r017-o018-id-production,interlanguage.term,0.1.0,R017/O018 Book 1 full-corpus edition,en,model development cycle,approved,,id-ID,[]
concept.modeling,first-boundary editorial terminology decision,term.modeling.id,pemodelan,2026-08-23T00:00:00+02:00,academic,[],codex-r017-o018-id-production,interlanguage.term,0.1.0,general,en,modeling,approved,,id-ID,[]
concept.multi-period-investment,Chapter 4 terminology decision,term.multi-period-capital-investment.id,investasi modal multiperiodik,2026-08-23T00:00:00+02:00,academic,[],codex-r017-o018-id-production,interlanguage.term,0.1.0,capital-allocation modeling,en,multi-period capital investment,approved,,id-ID,"[""investasi modal multi-periode""]"
concept.multicommodity-flow,Chapter 4 terminology decision,term.multicommodity-flow.id,aliran multikomoditas,2026-08-23T00:00:00+02:00,academic,[],codex-r017-o018-id-production,interlanguage.term,0.1.0,network optimization,en,multicommodity flow,approved,,id-ID,[]
concept.multiobjective-optimization,Full-corpus id-ID terminology audit,term.multiobjective-optimization.id,optimisasi multiobjektif,2026-08-23T00:00:00+02:00,academic,[],codex-r017-o018-id-production,interlanguage.term,0.1.0,R017/O018 Book 1 full-corpus edition,en,multiobjective optimization,approved,,id-ID,[]
concept.nonconvex-optimization,first-boundary editorial terminology decision,term.nonconvex.id,nonkonveks,2026-08-23T00:00:00+02:00,academic,[],codex-r017-o018-id-production,interlanguage.term,0.1.0,geometry and optimization,en,nonconvex,approved,,id-ID,[]
concept.nonlinear-programming,first-boundary editorial terminology decision,term.nonlinear-programming.id,pemrograman nonlinier,2026-08-23T00:00:00+02:00,academic,[],codex-r017-o018-id-production,interlanguage.term,0.1.0,model class; abbreviation NLP retained,en,nonlinear programming,approved,,id-ID,"[""pemrograman nonlinear""]"
concept.computational-complexity,first-boundary editorial terminology decision,term.np-hard.id,NP-hard,2026-08-23T00:00:00+02:00,technical,[],codex-r017-o018-id-production,interlanguage.term,0.1.0,complexity class; formal token retained and gloss permitted,en,NP-hard,approved,,id-ID,"[""NP-sukar""]"
concept.objective-function,first-boundary editorial decision; 2026-08-22 Indonesian field-usage QA retained the preferred form and added a modern retrieval variant,term.objective-function.id,fungsi tujuan,2026-08-23T00:00:00+02:00,academic,[],codex-r017-o018-id-production,interlanguage.term,0.1.0,optimization model,en,objective function,approved,,id-ID,"[""fungsi objektif""]"
concept.open-source-solver,O018 README and attribution,term.open-source-solver.id,pemecah sumber terbuka,2026-08-23T00:00:00+02:00,technical,[],codex-r017-o018-id-production,interlanguage.term,0.1.0,O018 computational laboratory,en,open-source solver,source_frozen,,id-ID,"[""solver sumber terbuka""]"
concept.operations-research,first-boundary editorial terminology decision,term.operations-research.id,riset operasi,2026-08-23T00:00:00+02:00,academic,[],codex-r017-o018-id-production,interlanguage.term,0.1.0,discipline,en,operations research,approved,,id-ID,"[""penelitian operasi""]"
concept.optimization-model,Final id-ID corpus terminology audit,term.optimization-model.id,model optimisasi,2026-08-23T00:00:00+02:00,academic,[],codex-r017-o018-id-production,interlanguage.term,0.1.0,R017/O018 Book 1 full-corpus edition,en,optimization model,approved,,id-ID,[]
concept.optimization,first-boundary editorial decision; 2026-08-22 Indonesian field-usage QA confirmed both forms in mathematical usage and did not justify a mass replacement,term.optimization.id,optimisasi,2026-08-23T00:00:00+02:00,academic,[],codex-r017-o018-id-production,interlanguage.term,0.1.0,general,en,optimization,approved,,id-ID,"[""optimasi""]"
concept.pareto-optimality,Full-corpus id-ID terminology audit,term.pareto-optimality.id,optimalitas Pareto,2026-08-23T00:00:00+02:00,academic,[],codex-r017-o018-id-production,interlanguage.term,0.1.0,R017/O018 Book 1 full-corpus edition,en,Pareto optimality,approved,,id-ID,[]
concept.partitioned-variables,Final id-ID corpus terminology audit,term.partitioned-variables.id,pemartisian variabel basis dan nonbasis,2026-08-23T00:00:00+02:00,academic,[],codex-r017-o018-id-production,interlanguage.term,0.1.0,R017/O018 Book 1 full-corpus edition,en,basic and nonbasic variable partition,approved,,id-ID,[]
concept.phase-one,Chapter 7 terminology decision,term.phase-one.id,Fase I,2026-08-23T00:00:00+02:00,academic,[],codex-r017-o018-id-production,interlanguage.term,0.1.0,simplex initialization,en,Phase I,approved,,id-ID,"[""fase pertama""]"
concept.pivot-operation,Chapters 7--9 terminology decision,term.pivot.id,pivot,2026-08-23T00:00:00+02:00,academic,[],codex-r017-o018-id-production,interlanguage.term,0.1.0,simplex method,en,pivot,approved,,id-ID,"[""operasi pivot""]"
concept.polyhedron,Chapter 6 terminology decision,term.polyhedron.id,polihedron,2026-08-23T00:00:00+02:00,academic,[],codex-r017-o018-id-production,interlanguage.term,0.1.0,polyhedral geometry,en,polyhedron,approved,,id-ID,[]
concept.prim-algorithm,Full-corpus id-ID terminology audit,term.prim-algorithm.id,algoritme Prim,2026-08-23T00:00:00+02:00,academic,[],codex-r017-o018-id-production,interlanguage.term,0.1.0,R017/O018 Book 1 full-corpus edition,en,Prim algorithm,approved,,id-ID,[]
concept.production-planning,Final id-ID corpus terminology audit,term.production-planning.id,model perencanaan produksi,2026-08-23T00:00:00+02:00,academic,[],codex-r017-o018-id-production,interlanguage.term,0.1.0,R017/O018 Book 1 full-corpus edition,en,production-planning model,approved,,id-ID,[]
concept.lp-modeling-assumptions,Chapter 2 Assumptions section,term.proportionality.id,proporsionalitas,2026-08-23T00:00:00+02:00,academic,[],codex-r017-o018-id-production,interlanguage.term,0.1.0,linear-programming modeling assumption,en,proportionality,approved,,id-ID,[]
concept.pyomo-modeling,Full-corpus id-ID terminology audit,term.pyomo-modeling.id,pemodelan Pyomo,2026-08-23T00:00:00+02:00,academic,[],codex-r017-o018-id-production,interlanguage.term,0.1.0,R017/O018 Book 1 full-corpus edition,en,Pyomo modeling,approved,,id-ID,[]
concept.python-optimization-workflow,Full-corpus id-ID terminology audit,term.python-optimization-workflow.id,alur kerja optimisasi Python,2026-08-23T00:00:00+02:00,academic,[],codex-r017-o018-id-production,interlanguage.term,0.1.0,R017/O018 Book 1 full-corpus edition,en,Python optimization workflow,approved,,id-ID,[]
concept.spreadsheet-modeling,Chapter 3 terminology decision,term.range.id,rentang,2026-08-23T00:00:00+02:00,technical,[],codex-r017-o018-id-production,interlanguage.term,0.1.0,spreadsheet interface,en,range,approved,,id-ID,[]
concept.recession-direction,Chapter 5 terminology decision,term.recession-direction.id,arah resesi,2026-08-23T00:00:00+02:00,academic,[],codex-r017-o018-id-production,interlanguage.term,0.1.0,unbounded polyhedra,en,recession direction,approved,,id-ID,"[""arah ekstrem""]"
concept.recession-ray,Chapter 6 terminology decision,term.recession-ray.id,sinar,2026-08-23T00:00:00+02:00,academic,[],codex-r017-o018-id-production,interlanguage.term,0.1.0,unbounded polyhedra,en,ray,approved,,id-ID,"[""sinar resesi""]"
concept.reduced-cost,Chapters 3 and 8 terminology decision,term.reduced-cost.id,biaya tereduksi,2026-08-23T00:00:00+02:00,academic,[],codex-r017-o018-id-production,interlanguage.term,0.1.0,linear-programming sensitivity and simplex optimality,en,reduced cost,approved,,id-ID,[]
concept.reduced-row-echelon-form,Full-corpus id-ID terminology audit,term.reduced-row-echelon-form.id,bentuk eselon baris tereduksi,2026-08-23T00:00:00+02:00,academic,[],codex-r017-o018-id-production,interlanguage.term,0.1.0,R017/O018 Book 1 full-corpus edition,en,reduced row echelon form,approved,,id-ID,"[""RREF""]"
concept.representation-theorem,Final id-ID corpus terminology audit,term.representation-theorem.id,teorema representasi polihedral,2026-08-23T00:00:00+02:00,academic,[],codex-r017-o018-id-production,interlanguage.term,0.1.0,R017/O018 Book 1 full-corpus edition,en,polyhedral representation theorem,approved,,id-ID,[]
concept.reproducible-computation,O018 runtime receipt and deterministic result contract,term.reproducible-computation.id,komputasi yang dapat direproduksi,2026-08-23T00:00:00+02:00,technical,[],codex-r017-o018-id-production,interlanguage.term,0.1.0,runtime and result receipts,en,reproducible computation,source_frozen,,id-ID,"[""komputasi reproduksibel""]"
concept.robust-optimization,first-boundary editorial terminology decision,term.robust-optimization.id,optimisasi robust,2026-08-23T00:00:00+02:00,academic,[],codex-r017-o018-id-production,interlanguage.term,0.1.0,model class; terminology review pending,en,robust optimization,approved,,id-ID,"[""optimisasi tangguh""]"
concept.row-operation,Full-corpus id-ID terminology audit,term.row-operation.id,operasi baris elementer,2026-08-23T00:00:00+02:00,academic,[],codex-r017-o018-id-production,interlanguage.term,0.1.0,R017/O018 Book 1 full-corpus edition,en,elementary row operation,approved,,id-ID,[]
concept.set-cover,Full-corpus id-ID terminology audit,term.set-cover.id,penutupan himpunan,2026-08-23T00:00:00+02:00,academic,[],codex-r017-o018-id-production,interlanguage.term,0.1.0,R017/O018 Book 1 full-corpus edition,en,set cover,approved,,id-ID,[]
concept.shadow-price,Chapter 3 terminology decision,term.shadow-price.id,harga bayangan,2026-08-23T00:00:00+02:00,academic,[],codex-r017-o018-id-production,interlanguage.term,0.1.0,linear-programming sensitivity report,en,shadow price,approved,,id-ID,[]
concept.shortest-path,Full-corpus id-ID terminology audit,term.shortest-path.id,lintasan terpendek,2026-08-23T00:00:00+02:00,academic,[],codex-r017-o018-id-production,interlanguage.term,0.1.0,R017/O018 Book 1 full-corpus edition,en,shortest path,approved,,id-ID,[]
concept.simplex-algorithm,Chapter 7 terminology decision; 2026-08-22 Indonesian field-usage QA confirmed metode simpleks as the established retrieval variant,term.simplex-algorithm.id,algoritma simpleks,2026-08-23T00:00:00+02:00,academic,[],codex-r017-o018-id-production,interlanguage.term,0.1.0,linear programming,en,simplex algorithm,approved,,id-ID,"[""metode simpleks""]"
concept.simplex-optimality-condition,Final id-ID corpus terminology audit,term.simplex-optimality-condition.id,syarat optimalitas biaya tereduksi simpleks,2026-08-23T00:00:00+02:00,academic,[],codex-r017-o018-id-production,interlanguage.term,0.1.0,R017/O018 Book 1 full-corpus edition,en,simplex reduced-cost optimality condition,approved,,id-ID,[]
concept.simplex-tableau,Chapter 9 terminology decision,term.simplex-tableau.id,tableau simpleks,2026-08-23T00:00:00+02:00,academic,[],codex-r017-o018-id-production,interlanguage.term,0.1.0,tableau simplex,en,simplex tableau,approved,,id-ID,"[""bentuk tableau""]"
concept.sensitivity-analysis,Chapter 3 terminology decision,term.slack.id,kelonggaran,2026-08-23T00:00:00+02:00,academic,[],codex-r017-o018-id-production,interlanguage.term,0.1.0,constraint status,en,slack,approved,,id-ID,"[""slack""]"
concept.solver,first-boundary editorial terminology decision,term.solver.id,solver,2026-08-23T00:00:00+02:00,technical,[],codex-r017-o018-id-production,interlanguage.term,0.1.0,software,en,solver,approved,,id-ID,"[""perangkat pemecah""]"
concept.spreadsheet-formula,Final id-ID corpus terminology audit,term.spreadsheet-formula.id,rumus lembar kerja,2026-08-23T00:00:00+02:00,academic,[],codex-r017-o018-id-production,interlanguage.term,0.1.0,R017/O018 Book 1 full-corpus edition,en,spreadsheet formula,approved,,id-ID,[]
concept.standard-form,Chapter 7 terminology decision; 2026-08-22 Indonesian field-usage QA added bentuk baku as a scoped retrieval alias without conflating it with bentuk kanonik,term.standard-form.id,bentuk standar,2026-08-23T00:00:00+02:00,academic,[],codex-r017-o018-id-production,interlanguage.term,0.1.0,linear programming,en,standard form,approved,,id-ID,"[""bentuk baku""]"
concept.stochastic-optimization,first-boundary editorial terminology decision,term.stochastic-optimization.id,optimisasi stokastik,2026-08-23T00:00:00+02:00,academic,[],codex-r017-o018-id-production,interlanguage.term,0.1.0,model class,en,stochastic optimization,approved,,id-ID,[]
concept.strong-duality,Full-corpus id-ID terminology audit,term.strong-duality.id,dualitas kuat,2026-08-23T00:00:00+02:00,academic,[],codex-r017-o018-id-production,interlanguage.term,0.1.0,R017/O018 Book 1 full-corpus edition,en,strong duality,approved,,id-ID,[]
concept.summation-notation,Chapter 4 terminology decision,term.summation-notation.id,notasi penjumlahan,2026-08-23T00:00:00+02:00,academic,[],codex-r017-o018-id-production,interlanguage.term,0.1.0,compact indexed optimization models,en,summation notation,approved,,id-ID,[]
concept.total-unimodularity,Chapter 4 terminology decision,term.total-unimodularity.id,unimodularitas total,2026-08-23T00:00:00+02:00,academic,[],codex-r017-o018-id-production,interlanguage.term,0.1.0,integral network and assignment polyhedra,en,total unimodularity,approved,,id-ID,[]
concept.transportation-model,Chapter 2 Transportation Problem subsection,term.transportation.id,masalah transportasi,2026-08-23T00:00:00+02:00,academic,[],codex-r017-o018-id-production,interlanguage.term,0.1.0,network linear-programming model class,en,transportation problem,approved,,id-ID,"[""model transportasi""]"
concept.transshipment,Chapter 4 terminology decision,term.transshipment.id,transshipment,2026-08-23T00:00:00+02:00,academic,[],codex-r017-o018-id-production,interlanguage.term,0.1.0,intermediate-node network models,en,transshipment,approved,,id-ID,"[""alih muat""]"
concept.traveling-salesperson,Full-corpus id-ID terminology audit,term.traveling-salesperson.id,masalah wiraniaga keliling,2026-08-23T00:00:00+02:00,academic,[],codex-r017-o018-id-production,interlanguage.term,0.1.0,R017/O018 Book 1 full-corpus edition,en,traveling salesperson problem,approved,,id-ID,[]
concept.unbounded-simplex,Final id-ID corpus terminology audit,term.unbounded-simplex.id,sertifikat ketakterbatasan simpleks,2026-08-23T00:00:00+02:00,academic,[],codex-r017-o018-id-production,interlanguage.term,0.1.0,R017/O018 Book 1 full-corpus edition,en,simplex unboundedness certificate,approved,,id-ID,[]
concept.unbounded-linear-program,Chapter 5 terminology decision,term.unbounded.id,tak berbatas,2026-08-23T00:00:00+02:00,academic,[],codex-r017-o018-id-production,interlanguage.term,0.1.0,linear programming status,en,unbounded,approved,,id-ID,"[""tidak berbatas""]"
concept.vector-norm,Full-corpus id-ID terminology audit,term.vector-norm.id,norma vektor,2026-08-23T00:00:00+02:00,academic,[],codex-r017-o018-id-production,interlanguage.term,0.1.0,R017/O018 Book 1 full-corpus edition,en,vector norm,approved,,id-ID,[]
concept.vector-operations,Final id-ID corpus terminology audit,term.vector-operations.id,operasi vektor,2026-08-23T00:00:00+02:00,academic,[],codex-r017-o018-id-production,interlanguage.term,0.1.0,R017/O018 Book 1 full-corpus edition,en,vector operations,approved,,id-ID,[]
concept.weak-duality,Full-corpus id-ID terminology audit,term.weak-duality.id,dualitas lemah,2026-08-23T00:00:00+02:00,academic,[],codex-r017-o018-id-production,interlanguage.term,0.1.0,R017/O018 Book 1 full-corpus edition,en,weak duality,approved,,id-ID,[]
concept.weighted-sum-method,Full-corpus id-ID terminology audit,term.weighted-sum-method.id,metode jumlah berbobot,2026-08-23T00:00:00+02:00,academic,[],codex-r017-o018-id-production,interlanguage.term,0.1.0,R017/O018 Book 1 full-corpus edition,en,weighted-sum method,approved,,id-ID,[]
concept.workforce-scheduling,Final id-ID corpus terminology audit,term.workforce-scheduling.id,model penjadwalan tenaga kerja,2026-08-23T00:00:00+02:00,academic,[],codex-r017-o018-id-production,interlanguage.term,0.1.0,R017/O018 Book 1 full-corpus edition,en,workforce-scheduling model,approved,,id-ID,[]
concept.spreadsheet-modeling,Chapter 3 terminology decision,term.worksheet.id,lembar kerja,2026-08-23T00:00:00+02:00,technical,[],codex-r017-o018-id-production,interlanguage.term,0.1.0,spreadsheet interface,en,worksheet,approved,,id-ID,[]
